object_name,field_name,physical_binding,type,required_when,nullable,source_ref,source_status,owner_role,editable_by,validation_rule,revision_rule,dependency_refs,ui_binding,sensitivity,synthetic_example,label_en_au,label_en_us,label_zh,definition,enum_or_format
"Case","baseline_revision","case.baseline_revision","""string""","When this Batch A object / action is present","false","SRC-013 §7","SYNTHETIC-DEMO / DESIGN-HYPOTHESIS","Demo role; bank owner unconfirmed","Controlled action or fixture only","Action guards + draft schema; no bank rule inferred","Material action creates revision / retained prior session","SRC-010:DEP-02;SRC-010:DEP-05","Parties / Authority / Tasks / Activity / Print","synthetic-restricted","""D2-A-Final-1.0""","baseline revision","baseline revision","baseline_revision","Batch A Case.baseline_revision; SRC-013 Final v1.0 §7; synthetic / reviewed_for_demo only.","""See additive schema; no bank enum inferred"""
"Scope","request_id","scopes.request_id","""string""","When this Batch A object / action is present","false","SRC-013 §7","SYNTHETIC-DEMO / DESIGN-HYPOTHESIS","Demo role; bank owner unconfirmed","Controlled action or fixture only","Action guards + draft schema; no bank rule inferred","Material action creates revision / retained prior session","SRC-010:DEP-03;SRC-010:DEP-09;SRC-010:DEP-10","Scope / Scenario / Print","synthetic-restricted","""DEMO-CTT-001/request/relationship""","request id","request id","request_id","Batch A Scope.request_id; SRC-013 Final v1.0 §7; synthetic / reviewed_for_demo only.","""See additive schema; no bank enum inferred"""
"Scope","request_source_ref","scopes.request_source_ref","""string""","When this Batch A object / action is present","false","SRC-013 §7","SYNTHETIC-DEMO / DESIGN-HYPOTHESIS","Demo role; bank owner unconfirmed","Controlled action or fixture only","Action guards + draft schema; no bank rule inferred","Material action creates revision / retained prior session","SRC-010:DEP-03;SRC-010:DEP-09;SRC-010:DEP-10","Scope / Scenario / Print","synthetic-restricted","""DEMO-CTT-001/evidence/request-a""","request source ref","request source ref","request_source_ref","Batch A Scope.request_source_ref; SRC-013 Final v1.0 §7; synthetic / reviewed_for_demo only.","""See additive schema; no bank enum inferred"""
"Scope","trigger_type","scopes.trigger_type","""string""","When this Batch A object / action is present","false","SRC-013 §7","SYNTHETIC-DEMO / DESIGN-HYPOTHESIS","Demo role; bank owner unconfirmed","Controlled action or fixture only","Action guards + draft schema; no bank rule inferred","Material action creates revision / retained prior session","SRC-010:DEP-03;SRC-010:DEP-09;SRC-010:DEP-10","Scope / Scenario / Print","synthetic-restricted","""new_relationship""","trigger type","trigger type","trigger_type","Batch A Scope.trigger_type; SRC-013 Final v1.0 §7; synthetic / reviewed_for_demo only.","""See additive schema; no bank enum inferred"""
"Scope","group_display_name","scopes.group_display_name","""string""","When this Batch A object / action is present","false","SRC-013 §7","SYNTHETIC-DEMO / DESIGN-HYPOTHESIS","Demo role; bank owner unconfirmed","Configured Scope demo role","Action guards + draft schema; no bank rule inferred","Material action creates revision / retained prior session","SRC-010:DEP-03;SRC-010:DEP-09;SRC-010:DEP-10","Scope / Scenario / Print","synthetic-restricted","""Group A""","group display name","group display name","集团展示名称","Batch A Scope.group_display_name; SRC-013 Final v1.0 §7; synthetic / reviewed_for_demo only.","""See additive schema; no bank enum inferred"""
"Scope","relationship_intent","scopes.relationship_intent","""string""","When this Batch A object / action is present","false","SRC-013 §7","SYNTHETIC-DEMO / DESIGN-HYPOTHESIS","Demo role; bank owner unconfirmed","Controlled action or fixture only","Action guards + draft schema; no bank rule inferred","Material action creates revision / retained prior session","SRC-010:DEP-03;SRC-010:DEP-09;SRC-010:DEP-10","Scope / Scenario / Print","synthetic-restricted","""new_institutional_relationship""","relationship intent","relationship intent","relationship_intent","Batch A Scope.relationship_intent; SRC-013 Final v1.0 §7; synthetic / reviewed_for_demo only.","""See additive schema; no bank enum inferred"""
"Scope","counterparty_entity_id","scopes.counterparty_entity_id","[""string"",""null""]","When this Batch A object / action is present","true","SRC-013 §7","SYNTHETIC-DEMO / DESIGN-HYPOTHESIS","Demo role; bank owner unconfirmed","Controlled action or fixture only","Action guards + draft schema; no bank rule inferred","Material action creates revision / retained prior session","SRC-010:DEP-03;SRC-010:DEP-09;SRC-010:DEP-10","Scope / Scenario / Print","synthetic-restricted","null","counterparty entity id","counterparty entity id","交易主体","Batch A Scope.counterparty_entity_id; SRC-013 Final v1.0 §7; synthetic / reviewed_for_demo only.","""See additive schema; no bank enum inferred"""
"Scope","related_party_ids","scopes.related_party_ids","""array""","When this Batch A object / action is present","false","SRC-013 §7","SYNTHETIC-DEMO / DESIGN-HYPOTHESIS","Demo role; bank owner unconfirmed","Controlled action or fixture only","Action guards + draft schema; no bank rule inferred","Material action creates revision / retained prior session","SRC-010:DEP-03;SRC-010:DEP-09;SRC-010:DEP-10","Scope / Scenario / Print","synthetic-restricted","[""DEMO-CTT-001/entity/entity-b""]","related party ids","related party ids","related_party_ids","Batch A Scope.related_party_ids; SRC-013 Final v1.0 §7; synthetic / reviewed_for_demo only.","""See additive schema; no bank enum inferred"""
"Scope","business_purpose","scopes.business_purpose","""string""","When this Batch A object / action is present","false","SRC-013 §7","SYNTHETIC-DEMO / DESIGN-HYPOTHESIS","Demo role; bank owner unconfirmed","Configured Scope demo role","Action guards + draft schema; no bank rule inferred","Material action creates revision / retained prior session","SRC-010:DEP-03;SRC-010:DEP-09;SRC-010:DEP-10","Scope / Scenario / Print","synthetic-restricted","""FX forward for future USD procurement payments""","business purpose","business purpose","业务用途","Batch A Scope.business_purpose; SRC-013 Final v1.0 §7; synthetic / reviewed_for_demo only.","""See additive schema; no bank enum inferred"""
"Scope","product_scope_status","scopes.product_scope_status","""string""","When this Batch A object / action is present","false","SRC-013 §7","SYNTHETIC-DEMO / DESIGN-HYPOTHESIS","Demo role; bank owner unconfirmed","Controlled action or fixture only","Action guards + draft schema; no bank rule inferred","Material action creates revision / retained prior session","SRC-010:DEP-03;SRC-010:DEP-09;SRC-010:DEP-10","Scope / Scenario / Print","synthetic-restricted","""draft""","product scope status","product scope status","申请产品范围状态","Batch A Scope.product_scope_status; SRC-013 Final v1.0 §7; synthetic / reviewed_for_demo only.","[""draft"",""needs_review"",""recorded""]"
"Scope","product_eligibility_assessment_ref","scopes.product_eligibility_assessment_ref","[""string"",""null""]","When this Batch A object / action is present","true","SRC-013 §7","SYNTHETIC-DEMO / DESIGN-HYPOTHESIS","Demo role; bank owner unconfirmed","Controlled action or fixture only","Action guards + draft schema; no bank rule inferred","Material action creates revision / retained prior session","SRC-010:DEP-03;SRC-010:DEP-09;SRC-010:DEP-10","Scope / Scenario / Print","synthetic-restricted","null","product eligibility assessment ref","product eligibility assessment ref","产品资格评估","Batch A Scope.product_eligibility_assessment_ref; SRC-013 Final v1.0 §7; synthetic / reviewed_for_demo only.","""See additive schema; no bank enum inferred"""
"Scope","booking_jurisdiction","scopes.booking_jurisdiction","[""string"",""null""]","When this Batch A object / action is present","true","SRC-013 §7","SYNTHETIC-DEMO / DESIGN-HYPOTHESIS","Demo role; bank owner unconfirmed","Controlled action or fixture only","Action guards + draft schema; no bank rule inferred","Material action creates revision / retained prior session","SRC-010:DEP-03;SRC-010:DEP-09;SRC-010:DEP-10","Scope / Scenario / Print","synthetic-restricted","null","booking jurisdiction","booking jurisdiction","booking_jurisdiction","Batch A Scope.booking_jurisdiction; SRC-013 Final v1.0 §7; synthetic / reviewed_for_demo only.","""See additive schema; no bank enum inferred"""
"Scope","service_jurisdictions","scopes.service_jurisdictions","""array""","When this Batch A object / action is present","false","SRC-013 §7","SYNTHETIC-DEMO / DESIGN-HYPOTHESIS","Demo role; bank owner unconfirmed","Controlled action or fixture only","Action guards + draft schema; no bank rule inferred","Material action creates revision / retained prior session","SRC-010:DEP-03;SRC-010:DEP-09;SRC-010:DEP-10","Scope / Scenario / Print","synthetic-restricted","[]","service jurisdictions","service jurisdictions","service_jurisdictions","Batch A Scope.service_jurisdictions; SRC-013 Final v1.0 §7; synthetic / reviewed_for_demo only.","""See additive schema; no bank enum inferred"""
"Scope","dd_level","scopes.dd_level","[""string"",""null""]","When this Batch A object / action is present","true","SRC-013 §7","SYNTHETIC-DEMO / DESIGN-HYPOTHESIS","Demo role; bank owner unconfirmed","Controlled action or fixture only","Action guards + draft schema; no bank rule inferred","Material action creates revision / retained prior session","SRC-010:DEP-03;SRC-010:DEP-09;SRC-010:DEP-10","Scope / Scenario / Print","synthetic-restricted","null","dd level","dd level","尽调等级","Batch A Scope.dd_level; SRC-013 Final v1.0 §7; synthetic / reviewed_for_demo only.","""See additive schema; no bank enum inferred"""
"Scope","dd_assessment_status","scopes.dd_assessment_status","""string""","When this Batch A object / action is present","false","SRC-013 §7","SYNTHETIC-DEMO / DESIGN-HYPOTHESIS","Demo role; bank owner unconfirmed","Controlled action or fixture only","Action guards + draft schema; no bank rule inferred","Material action creates revision / retained prior session","SRC-010:DEP-03;SRC-010:DEP-09;SRC-010:DEP-10","Scope / Scenario / Print","synthetic-restricted","""not_assessed""","dd assessment status","dd assessment status","尽调评估状态","Batch A Scope.dd_assessment_status; SRC-013 Final v1.0 §7; synthetic / reviewed_for_demo only.","[""not_assessed"",""under_review"",""recorded""]"
"Scope","scope_confirmation_ref","scopes.scope_confirmation_ref","[""string"",""null""]","When this Batch A object / action is present","true","SRC-013 §7","SYNTHETIC-DEMO / DESIGN-HYPOTHESIS","Demo role; bank owner unconfirmed","Controlled action or fixture only","Action guards + draft schema; no bank rule inferred","Material action creates revision / retained prior session","SRC-010:DEP-03;SRC-010:DEP-09;SRC-010:DEP-10","Scope / Scenario / Print","synthetic-restricted","null","scope confirmation ref","scope confirmation ref","scope_confirmation_ref","Batch A Scope.scope_confirmation_ref; SRC-013 Final v1.0 §7; synthetic / reviewed_for_demo only.","""See additive schema; no bank enum inferred"""
"Scope","scope_revision","scopes.scope_revision","""integer""","When this Batch A object / action is present","false","SRC-013 §7","SYNTHETIC-DEMO / DESIGN-HYPOTHESIS","Demo role; bank owner unconfirmed","Controlled action or fixture only","Action guards + draft schema; no bank rule inferred","Material action creates revision / retained prior session","SRC-010:DEP-03;SRC-010:DEP-09;SRC-010:DEP-10","Scope / Scenario / Print","synthetic-restricted","1","scope revision","scope revision","范围版本","Batch A Scope.scope_revision; SRC-013 Final v1.0 §7; synthetic / reviewed_for_demo only.","""See additive schema; no bank enum inferred"""
"Scope","confirmation_purpose","scopes.confirmation_purpose","""string""","When this Batch A object / action is present","false","SRC-013 §7","SYNTHETIC-DEMO / DESIGN-HYPOTHESIS","Demo role; bank owner unconfirmed","Controlled action or fixture only","Action guards + draft schema; no bank rule inferred","Material action creates revision / retained prior session","SRC-010:DEP-03;SRC-010:DEP-09;SRC-010:DEP-10","Scope / Scenario / Print","synthetic-restricted","""working_scope""","confirmation purpose","confirmation purpose","confirmation_purpose","Batch A Scope.confirmation_purpose; SRC-013 Final v1.0 §7; synthetic / reviewed_for_demo only.","""See additive schema; no bank enum inferred"""
"Scope","unresolved_context_refs","scopes.unresolved_context_refs","""array""","When this Batch A object / action is present","false","SRC-013 §7","SYNTHETIC-DEMO / DESIGN-HYPOTHESIS","Demo role; bank owner unconfirmed","Controlled action or fixture only","Action guards + draft schema; no bank rule inferred","Material action creates revision / retained prior session","SRC-010:DEP-03;SRC-010:DEP-09;SRC-010:DEP-10","Scope / Scenario / Print","synthetic-restricted","[""booking_entity_ref"",""product_eligibility_assessment_ref"",""dd_level"",""authority"",""beneficial_ownership""]","unresolved context refs","unresolved context refs","unresolved_context_refs","Batch A Scope.unresolved_context_refs; SRC-013 Final v1.0 §7; synthetic / reviewed_for_demo only.","""See additive schema; no bank enum inferred"""
"Scope","field_provenance","scopes.field_provenance","""object""","When this Batch A object / action is present","false","SRC-013 §7","SYNTHETIC-DEMO / DESIGN-HYPOTHESIS","Demo role; bank owner unconfirmed","Controlled action or fixture only","Action guards + draft schema; no bank rule inferred","Material action creates revision / retained prior session","SRC-010:DEP-03;SRC-010:DEP-09;SRC-010:DEP-10","Scope / Scenario / Print","synthetic-restricted","{""business_purpose"":{""source_ref"":""EV-A01"",""value_status"":""reported"",""source_revision"":1},""counterparty_entity_id"":{""source_ref"":""EV-A01"",""value_status"":""unknown"",""source_revision"":1}}","field provenance","field provenance","field_provenance","Batch A Scope.field_provenance; SRC-013 Final v1.0 §7; synthetic / reviewed_for_demo only.","""See additive schema; no bank enum inferred"""
"Scope","synthetic","scopes.synthetic","""boolean""","When this Batch A object / action is present","false","SRC-013 §7","SYNTHETIC-DEMO / DESIGN-HYPOTHESIS","Demo role; bank owner unconfirmed","Controlled action or fixture only","Action guards + draft schema; no bank rule inferred","Material action creates revision / retained prior session","SRC-010:DEP-03;SRC-010:DEP-09;SRC-010:DEP-10","Scope / Scenario / Print","synthetic-restricted","true","synthetic","synthetic","合成标记","Batch A Scope.synthetic; SRC-013 Final v1.0 §7; synthetic / reviewed_for_demo only.","""See additive schema; no bank enum inferred"""
"Scope","validation_status","scopes.validation_status","""string""","When this Batch A object / action is present","false","SRC-013 §7","SYNTHETIC-DEMO / DESIGN-HYPOTHESIS","Demo role; bank owner unconfirmed","Controlled action or fixture only","Action guards + draft schema; no bank rule inferred","Material action creates revision / retained prior session","SRC-010:DEP-03;SRC-010:DEP-09;SRC-010:DEP-10","Scope / Scenario / Print","synthetic-restricted","""reviewed_for_demo""","validation status","validation status","验证状态","Batch A Scope.validation_status; SRC-013 Final v1.0 §7; synthetic / reviewed_for_demo only.","""See additive schema; no bank enum inferred"""
"Entity","display_alias","entities.display_alias","""string""","When this Batch A object / action is present","false","SRC-013 §7","SYNTHETIC-DEMO / DESIGN-HYPOTHESIS","Demo role; bank owner unconfirmed","Controlled action or fixture only","Action guards + draft schema; no bank rule inferred","Material action creates revision / retained prior session","SRC-010:DEP-02;SRC-010:DEP-05","Parties / Authority / Tasks / Activity / Print","synthetic-restricted","""Entity A""","display alias","display alias","display_alias","Batch A Entity.display_alias; SRC-013 Final v1.0 §7; synthetic / reviewed_for_demo only.","""See additive schema; no bank enum inferred"""
"Entity","identity_resolution_status","entities.identity_resolution_status","""string""","When this Batch A object / action is present","false","SRC-013 §7","SYNTHETIC-DEMO / DESIGN-HYPOTHESIS","Demo role; bank owner unconfirmed","Controlled action or fixture only","Action guards + draft schema; no bank rule inferred","Material action creates revision / retained prior session","SRC-010:DEP-02;SRC-010:DEP-05","Parties / Authority / Tasks / Activity / Print","synthetic-restricted","""unresolved""","identity resolution status","identity resolution status","主体界定状态","Batch A Entity.identity_resolution_status; SRC-013 Final v1.0 §7; synthetic / reviewed_for_demo only.","[""unresolved"",""under_review"",""resolved_for_scope""]"
"Entity","verification_status","entities.verification_status","""string""","When this Batch A object / action is present","false","SRC-013 §7","SYNTHETIC-DEMO / DESIGN-HYPOTHESIS","Demo role; bank owner unconfirmed","Controlled action or fixture only","Action guards + draft schema; no bank rule inferred","Material action creates revision / retained prior session","SRC-010:DEP-02;SRC-010:DEP-05","Parties / Authority / Tasks / Activity / Print","synthetic-restricted","""not_started""","verification status","verification status","verification_status","Batch A Entity.verification_status; SRC-013 Final v1.0 §7; synthetic / reviewed_for_demo only.","[""not_started"",""in_review"",""established"",""unresolved""]"
"Entity","identity_verification_ref","entities.identity_verification_ref","[""string"",""null""]","When this Batch A object / action is present","true","SRC-013 §7","SYNTHETIC-DEMO / DESIGN-HYPOTHESIS","Demo role; bank owner unconfirmed","Controlled action or fixture only","Action guards + draft schema; no bank rule inferred","Material action creates revision / retained prior session","SRC-010:DEP-02;SRC-010:DEP-05","Parties / Authority / Tasks / Activity / Print","synthetic-restricted","null","identity verification ref","identity verification ref","身份核验引用","Batch A Entity.identity_verification_ref; SRC-013 Final v1.0 §7; synthetic / reviewed_for_demo only.","""See additive schema; no bank enum inferred"""
"Entity","beneficial_ownership_status","entities.beneficial_ownership_status","""string""","When this Batch A object / action is present","false","SRC-013 §7","SYNTHETIC-DEMO / DESIGN-HYPOTHESIS","Demo role; bank owner unconfirmed","Controlled action or fixture only","Action guards + draft schema; no bank rule inferred","Material action creates revision / retained prior session","SRC-010:DEP-02;SRC-010:DEP-05","Parties / Authority / Tasks / Activity / Print","synthetic-restricted","""unknown""","beneficial ownership status","beneficial ownership status","受益所有权状态","Batch A Entity.beneficial_ownership_status; SRC-013 Final v1.0 §7; synthetic / reviewed_for_demo only.","""See additive schema; no bank enum inferred"""
"Entity","identifiers","entities.identifiers","""array""","When this Batch A object / action is present","false","SRC-013 §7","SYNTHETIC-DEMO / DESIGN-HYPOTHESIS","Demo role; bank owner unconfirmed","Controlled action or fixture only","Action guards + draft schema; no bank rule inferred","Material action creates revision / retained prior session","SRC-010:DEP-02;SRC-010:DEP-05","Parties / Authority / Tasks / Activity / Print","synthetic-restricted","[]","identifiers","identifiers","identifiers","Batch A Entity.identifiers; SRC-013 Final v1.0 §7; synthetic / reviewed_for_demo only.","""See additive schema; no bank enum inferred"""
"Entity","provenance_refs","entities.provenance_refs","""array""","When this Batch A object / action is present","false","SRC-013 §7","SYNTHETIC-DEMO / DESIGN-HYPOTHESIS","Demo role; bank owner unconfirmed","Controlled action or fixture only","Action guards + draft schema; no bank rule inferred","Material action creates revision / retained prior session","SRC-010:DEP-02;SRC-010:DEP-05","Parties / Authority / Tasks / Activity / Print","synthetic-restricted","[""EV-A01"",""EV-A02""]","provenance refs","provenance refs","出处引用","Batch A Entity.provenance_refs; SRC-013 Final v1.0 §7; synthetic / reviewed_for_demo only.","""See additive schema; no bank enum inferred"""
"Entity","value_status","entities.value_status","""string""","When this Batch A object / action is present","false","SRC-013 §7","SYNTHETIC-DEMO / DESIGN-HYPOTHESIS","Demo role; bank owner unconfirmed","Controlled action or fixture only","Action guards + draft schema; no bank rule inferred","Material action creates revision / retained prior session","SRC-010:DEP-02;SRC-010:DEP-05","Parties / Authority / Tasks / Activity / Print","synthetic-restricted","""reported""","value status","value status","值状态","Batch A Entity.value_status; SRC-013 Final v1.0 §7; synthetic / reviewed_for_demo only.","""See additive schema; no bank enum inferred"""
"Entity","synthetic","entities.synthetic","""boolean""","When this Batch A object / action is present","false","SRC-013 §7","SYNTHETIC-DEMO / DESIGN-HYPOTHESIS","Demo role; bank owner unconfirmed","Controlled action or fixture only","Action guards + draft schema; no bank rule inferred","Material action creates revision / retained prior session","SRC-010:DEP-02;SRC-010:DEP-05","Parties / Authority / Tasks / Activity / Print","synthetic-restricted","true","synthetic","synthetic","合成标记","Batch A Entity.synthetic; SRC-013 Final v1.0 §7; synthetic / reviewed_for_demo only.","""See additive schema; no bank enum inferred"""
"Entity","validation_status","entities.validation_status","""string""","When this Batch A object / action is present","false","SRC-013 §7","SYNTHETIC-DEMO / DESIGN-HYPOTHESIS","Demo role; bank owner unconfirmed","Controlled action or fixture only","Action guards + draft schema; no bank rule inferred","Material action creates revision / retained prior session","SRC-010:DEP-02;SRC-010:DEP-05","Parties / Authority / Tasks / Activity / Print","synthetic-restricted","""reviewed_for_demo""","validation status","validation status","验证状态","Batch A Entity.validation_status; SRC-013 Final v1.0 §7; synthetic / reviewed_for_demo only.","""See additive schema; no bank enum inferred"""
"Representative","synthetic","representatives.synthetic","""boolean""","When this Batch A object / action is present","false","SRC-013 §7","SYNTHETIC-DEMO / DESIGN-HYPOTHESIS","Demo role; bank owner unconfirmed","Controlled action or fixture only","Action guards + draft schema; no bank rule inferred","Material action creates revision / retained prior session","SRC-010:DEP-02;SRC-010:DEP-05","Parties / Authority / Tasks / Activity / Print","synthetic-restricted","true","synthetic","synthetic","合成标记","Batch A Representative.synthetic; SRC-013 Final v1.0 §7; synthetic / reviewed_for_demo only.","""See additive schema; no bank enum inferred"""
"Representative","validation_status","representatives.validation_status","""string""","When this Batch A object / action is present","false","SRC-013 §7","SYNTHETIC-DEMO / DESIGN-HYPOTHESIS","Demo role; bank owner unconfirmed","Controlled action or fixture only","Action guards + draft schema; no bank rule inferred","Material action creates revision / retained prior session","SRC-010:DEP-02;SRC-010:DEP-05","Parties / Authority / Tasks / Activity / Print","synthetic-restricted","""reviewed_for_demo""","validation status","validation status","验证状态","Batch A Representative.validation_status; SRC-013 Final v1.0 §7; synthetic / reviewed_for_demo only.","""See additive schema; no bank enum inferred"""
"Representative","value_status","representatives.value_status","""string""","When this Batch A object / action is present","false","SRC-013 §7","SYNTHETIC-DEMO / DESIGN-HYPOTHESIS","Demo role; bank owner unconfirmed","Controlled action or fixture only","Action guards + draft schema; no bank rule inferred","Material action creates revision / retained prior session","SRC-010:DEP-02;SRC-010:DEP-05","Parties / Authority / Tasks / Activity / Print","synthetic-restricted","""reported""","value status","value status","值状态","Batch A Representative.value_status; SRC-013 Final v1.0 §7; synthetic / reviewed_for_demo only.","""See additive schema; no bank enum inferred"""
"Representative","provenance_refs","representatives.provenance_refs","""array""","When this Batch A object / action is present","false","SRC-013 §7","SYNTHETIC-DEMO / DESIGN-HYPOTHESIS","Demo role; bank owner unconfirmed","Controlled action or fixture only","Action guards + draft schema; no bank rule inferred","Material action creates revision / retained prior session","SRC-010:DEP-02;SRC-010:DEP-05","Parties / Authority / Tasks / Activity / Print","synthetic-restricted","[""SRC-013""]","provenance refs","provenance refs","出处引用","Batch A Representative.provenance_refs; SRC-013 Final v1.0 §7; synthetic / reviewed_for_demo only.","""See additive schema; no bank enum inferred"""
"Representative","person_id","representatives.person_id","""string""","When this Batch A object / action is present","false","SRC-013 §7","SYNTHETIC-DEMO / DESIGN-HYPOTHESIS","Demo role; bank owner unconfirmed","Controlled action or fixture only","Action guards + draft schema; no bank rule inferred","Material action creates revision / retained prior session","SRC-010:DEP-02;SRC-010:DEP-05","Parties / Authority / Tasks / Activity / Print","synthetic-restricted","""DEMO-CTT-001/person/person-t""","person id","person id","人员编号","Batch A Representative.person_id; SRC-013 Final v1.0 §7; synthetic / reviewed_for_demo only.","""See additive schema; no bank enum inferred"""
"Representative","principal_entity_id","representatives.principal_entity_id","""string""","When this Batch A object / action is present","false","SRC-013 §7","SYNTHETIC-DEMO / DESIGN-HYPOTHESIS","Demo role; bank owner unconfirmed","Controlled action or fixture only","Action guards + draft schema; no bank rule inferred","Material action creates revision / retained prior session","SRC-010:DEP-02;SRC-010:DEP-05","Parties / Authority / Tasks / Activity / Print","synthetic-restricted","""DEMO-CTT-001/entity/harbour""","principal entity id","principal entity id","被代表主体","Batch A Representative.principal_entity_id; SRC-013 Final v1.0 §7; synthetic / reviewed_for_demo only.","""See additive schema; no bank enum inferred"""
"Representative","claimed_role","representatives.claimed_role","""string""","When this Batch A object / action is present","false","SRC-013 §7","SYNTHETIC-DEMO / DESIGN-HYPOTHESIS","Demo role; bank owner unconfirmed","Controlled action or fixture only","Action guards + draft schema; no bank rule inferred","Material action creates revision / retained prior session","SRC-010:DEP-02;SRC-010:DEP-05","Parties / Authority / Tasks / Activity / Print","synthetic-restricted","""coordinate_information""","claimed role","claimed role","claimed_role","Batch A Representative.claimed_role; SRC-013 Final v1.0 §7; synthetic / reviewed_for_demo only.","""See additive schema; no bank enum inferred"""
"Authority","synthetic","authorities.synthetic","""boolean""","When this Batch A object / action is present","false","SRC-013 §7","SYNTHETIC-DEMO / DESIGN-HYPOTHESIS","Demo role; bank owner unconfirmed","Controlled action or fixture only","Action guards + draft schema; no bank rule inferred","Material action creates revision / retained prior session","SRC-010:DEP-02;SRC-010:DEP-05","Parties / Authority / Tasks / Activity / Print","synthetic-restricted","true","synthetic","synthetic","合成标记","Batch A Authority.synthetic; SRC-013 Final v1.0 §7; synthetic / reviewed_for_demo only.","""See additive schema; no bank enum inferred"""
"Authority","validation_status","authorities.validation_status","""string""","When this Batch A object / action is present","false","SRC-013 §7","SYNTHETIC-DEMO / DESIGN-HYPOTHESIS","Demo role; bank owner unconfirmed","Controlled action or fixture only","Action guards + draft schema; no bank rule inferred","Material action creates revision / retained prior session","SRC-010:DEP-02;SRC-010:DEP-05","Parties / Authority / Tasks / Activity / Print","synthetic-restricted","""reviewed_for_demo""","validation status","validation status","验证状态","Batch A Authority.validation_status; SRC-013 Final v1.0 §7; synthetic / reviewed_for_demo only.","""See additive schema; no bank enum inferred"""
"Authority","value_status","authorities.value_status","""string""","When this Batch A object / action is present","false","SRC-013 §7","SYNTHETIC-DEMO / DESIGN-HYPOTHESIS","Demo role; bank owner unconfirmed","Controlled action or fixture only","Action guards + draft schema; no bank rule inferred","Material action creates revision / retained prior session","SRC-010:DEP-02;SRC-010:DEP-05","Parties / Authority / Tasks / Activity / Print","synthetic-restricted","""reported""","value status","value status","值状态","Batch A Authority.value_status; SRC-013 Final v1.0 §7; synthetic / reviewed_for_demo only.","""See additive schema; no bank enum inferred"""
"Authority","provenance_refs","authorities.provenance_refs","""array""","When this Batch A object / action is present","false","SRC-013 §7","SYNTHETIC-DEMO / DESIGN-HYPOTHESIS","Demo role; bank owner unconfirmed","Controlled action or fixture only","Action guards + draft schema; no bank rule inferred","Material action creates revision / retained prior session","SRC-010:DEP-02;SRC-010:DEP-05","Parties / Authority / Tasks / Activity / Print","synthetic-restricted","[""SRC-013""]","provenance refs","provenance refs","出处引用","Batch A Authority.provenance_refs; SRC-013 Final v1.0 §7; synthetic / reviewed_for_demo only.","""See additive schema; no bank enum inferred"""
"Authority","person_id","authorities.person_id","""string""","When this Batch A object / action is present","false","SRC-013 §7","SYNTHETIC-DEMO / DESIGN-HYPOTHESIS","Demo role; bank owner unconfirmed","Controlled action or fixture only","Action guards + draft schema; no bank rule inferred","Material action creates revision / retained prior session","SRC-010:DEP-02;SRC-010:DEP-05","Parties / Authority / Tasks / Activity / Print","synthetic-restricted","""DEMO-CTT-001/person/person-t""","person id","person id","人员编号","Batch A Authority.person_id; SRC-013 Final v1.0 §7; synthetic / reviewed_for_demo only.","""See additive schema; no bank enum inferred"""
"Authority","principal_entity_id","authorities.principal_entity_id","""string""","When this Batch A object / action is present","false","SRC-013 §7","SYNTHETIC-DEMO / DESIGN-HYPOTHESIS","Demo role; bank owner unconfirmed","Controlled action or fixture only","Action guards + draft schema; no bank rule inferred","Material action creates revision / retained prior session","SRC-010:DEP-02;SRC-010:DEP-05","Parties / Authority / Tasks / Activity / Print","synthetic-restricted","""DEMO-CTT-001/entity/harbour""","principal entity id","principal entity id","被代表主体","Batch A Authority.principal_entity_id; SRC-013 Final v1.0 §7; synthetic / reviewed_for_demo only.","""See additive schema; no bank enum inferred"""
"Authority","action_type","authorities.action_type","""string""","When this Batch A object / action is present","false","SRC-013 §7","SYNTHETIC-DEMO / DESIGN-HYPOTHESIS","Demo role; bank owner unconfirmed","Controlled action or fixture only","Action guards + draft schema; no bank rule inferred","Material action creates revision / retained prior session","SRC-010:DEP-02;SRC-010:DEP-05","Parties / Authority / Tasks / Activity / Print","synthetic-restricted","""coordinate_information""","action type","action type","权限用途","Batch A Authority.action_type; SRC-013 Final v1.0 §7; synthetic / reviewed_for_demo only.","""See additive schema; no bank enum inferred"""
"Authority","authority_scope","authorities.authority_scope","""string""","When this Batch A object / action is present","false","SRC-013 §7","SYNTHETIC-DEMO / DESIGN-HYPOTHESIS","Demo role; bank owner unconfirmed","Controlled action or fixture only","Action guards + draft schema; no bank rule inferred","Material action creates revision / retained prior session","SRC-010:DEP-02;SRC-010:DEP-05","Parties / Authority / Tasks / Activity / Print","synthetic-restricted","""Entity A / FX forward relationship""","authority scope","authority scope","authority_scope","Batch A Authority.authority_scope; SRC-013 Final v1.0 §7; synthetic / reviewed_for_demo only.","""See additive schema; no bank enum inferred"""
"Authority","basis_type","authorities.basis_type","""string""","When this Batch A object / action is present","false","SRC-013 §7","SYNTHETIC-DEMO / DESIGN-HYPOTHESIS","Demo role; bank owner unconfirmed","Controlled action or fixture only","Action guards + draft schema; no bank rule inferred","Material action creates revision / retained prior session","SRC-010:DEP-02;SRC-010:DEP-05","Parties / Authority / Tasks / Activity / Print","synthetic-restricted","""claimed_role""","basis type","basis type","basis_type","Batch A Authority.basis_type; SRC-013 Final v1.0 §7; synthetic / reviewed_for_demo only.","""See additive schema; no bank enum inferred"""
"Authority","evidence_use_refs","authorities.evidence_use_refs","""array""","When this Batch A object / action is present","false","SRC-013 §7","SYNTHETIC-DEMO / DESIGN-HYPOTHESIS","Demo role; bank owner unconfirmed","Controlled action or fixture only","Action guards + draft schema; no bank rule inferred","Material action creates revision / retained prior session","SRC-010:DEP-02;SRC-010:DEP-05","Parties / Authority / Tasks / Activity / Print","synthetic-restricted","[]","evidence use refs","evidence use refs","证据用途引用","Batch A Authority.evidence_use_refs; SRC-013 Final v1.0 §7; synthetic / reviewed_for_demo only.","""See additive schema; no bank enum inferred"""
"Authority","assessed_by","authorities.assessed_by","[""string"",""null""]","When this Batch A object / action is present","true","SRC-013 §7","SYNTHETIC-DEMO / DESIGN-HYPOTHESIS","Demo role; bank owner unconfirmed","Controlled action or fixture only","Action guards + draft schema; no bank rule inferred","Material action creates revision / retained prior session","SRC-010:DEP-02;SRC-010:DEP-05","Parties / Authority / Tasks / Activity / Print","synthetic-restricted","null","assessed by","assessed by","assessed_by","Batch A Authority.assessed_by; SRC-013 Final v1.0 §7; synthetic / reviewed_for_demo only.","""See additive schema; no bank enum inferred"""
"Authority","assessment_permission_ref","authorities.assessment_permission_ref","[""string"",""null""]","When this Batch A object / action is present","true","SRC-013 §7","SYNTHETIC-DEMO / DESIGN-HYPOTHESIS","Demo role; bank owner unconfirmed","Controlled action or fixture only","Action guards + draft schema; no bank rule inferred","Material action creates revision / retained prior session","SRC-010:DEP-02;SRC-010:DEP-05","Parties / Authority / Tasks / Activity / Print","synthetic-restricted","null","assessment permission ref","assessment permission ref","评估操作权限","Batch A Authority.assessment_permission_ref; SRC-013 Final v1.0 §7; synthetic / reviewed_for_demo only.","""See additive schema; no bank enum inferred"""
"Authority","decision_ref","authorities.decision_ref","[""string"",""null""]","When this Batch A object / action is present","true","SRC-013 §7","SYNTHETIC-DEMO / DESIGN-HYPOTHESIS","Demo role; bank owner unconfirmed","Controlled action or fixture only","Action guards + draft schema; no bank rule inferred","Material action creates revision / retained prior session","SRC-010:DEP-02;SRC-010:DEP-05","Parties / Authority / Tasks / Activity / Print","synthetic-restricted","null","decision ref","decision ref","decision_ref","Batch A Authority.decision_ref; SRC-013 Final v1.0 §7; synthetic / reviewed_for_demo only.","""See additive schema; no bank enum inferred"""
"Authority","valid_from","authorities.valid_from","[""string"",""null""]","When this Batch A object / action is present","true","SRC-013 §7","SYNTHETIC-DEMO / DESIGN-HYPOTHESIS","Demo role; bank owner unconfirmed","Controlled action or fixture only","Action guards + draft schema; no bank rule inferred","Material action creates revision / retained prior session","SRC-010:DEP-02;SRC-010:DEP-05","Parties / Authority / Tasks / Activity / Print","synthetic-restricted","null","valid from","valid from","valid_from","Batch A Authority.valid_from; SRC-013 Final v1.0 §7; synthetic / reviewed_for_demo only.","""See additive schema; no bank enum inferred"""
"Authority","valid_to","authorities.valid_to","[""string"",""null""]","When this Batch A object / action is present","true","SRC-013 §7","SYNTHETIC-DEMO / DESIGN-HYPOTHESIS","Demo role; bank owner unconfirmed","Controlled action or fixture only","Action guards + draft schema; no bank rule inferred","Material action creates revision / retained prior session","SRC-010:DEP-02;SRC-010:DEP-05","Parties / Authority / Tasks / Activity / Print","synthetic-restricted","null","valid to","valid to","valid_to","Batch A Authority.valid_to; SRC-013 Final v1.0 §7; synthetic / reviewed_for_demo only.","""See additive schema; no bank enum inferred"""
"Authority","scope_match","authorities.scope_match","""string""","When this Batch A object / action is present","false","SRC-013 §7","SYNTHETIC-DEMO / DESIGN-HYPOTHESIS","Demo role; bank owner unconfirmed","Controlled action or fixture only","Action guards + draft schema; no bank rule inferred","Material action creates revision / retained prior session","SRC-010:DEP-02;SRC-010:DEP-05","Parties / Authority / Tasks / Activity / Print","synthetic-restricted","""not_established""","scope match","scope match","权限范围匹配","Batch A Authority.scope_match; SRC-013 Final v1.0 §7; synthetic / reviewed_for_demo only.","""See additive schema; no bank enum inferred"""
"Evidence","synthetic","evidence.synthetic","""boolean""","When this Batch A object / action is present","false","SRC-013 §7","SYNTHETIC-DEMO / DESIGN-HYPOTHESIS","Demo role; bank owner unconfirmed","Controlled action or fixture only","Action guards + draft schema; no bank rule inferred","Material action creates revision / retained prior session","SRC-010:DEP-02;SRC-010:DEP-05","Parties / Authority / Tasks / Activity / Print","synthetic-restricted","true","synthetic","synthetic","合成标记","Batch A Evidence.synthetic; SRC-013 Final v1.0 §7; synthetic / reviewed_for_demo only.","""See additive schema; no bank enum inferred"""
"Evidence","validation_status","evidence.validation_status","""string""","When this Batch A object / action is present","false","SRC-013 §7","SYNTHETIC-DEMO / DESIGN-HYPOTHESIS","Demo role; bank owner unconfirmed","Controlled action or fixture only","Action guards + draft schema; no bank rule inferred","Material action creates revision / retained prior session","SRC-010:DEP-02;SRC-010:DEP-05","Parties / Authority / Tasks / Activity / Print","synthetic-restricted","""reviewed_for_demo""","validation status","validation status","验证状态","Batch A Evidence.validation_status; SRC-013 Final v1.0 §7; synthetic / reviewed_for_demo only.","""See additive schema; no bank enum inferred"""
"Evidence","value_status","evidence.value_status","""string""","When this Batch A object / action is present","false","SRC-013 §7","SYNTHETIC-DEMO / DESIGN-HYPOTHESIS","Demo role; bank owner unconfirmed","Controlled action or fixture only","Action guards + draft schema; no bank rule inferred","Material action creates revision / retained prior session","SRC-010:DEP-02;SRC-010:DEP-05","Parties / Authority / Tasks / Activity / Print","synthetic-restricted","""reported""","value status","value status","值状态","Batch A Evidence.value_status; SRC-013 Final v1.0 §7; synthetic / reviewed_for_demo only.","""See additive schema; no bank enum inferred"""
"Evidence","provenance_refs","evidence.provenance_refs","""array""","When this Batch A object / action is present","false","SRC-013 §7","SYNTHETIC-DEMO / DESIGN-HYPOTHESIS","Demo role; bank owner unconfirmed","Controlled action or fixture only","Action guards + draft schema; no bank rule inferred","Material action creates revision / retained prior session","SRC-010:DEP-02;SRC-010:DEP-05","Parties / Authority / Tasks / Activity / Print","synthetic-restricted","[""SRC-013""]","provenance refs","provenance refs","出处引用","Batch A Evidence.provenance_refs; SRC-013 Final v1.0 §7; synthetic / reviewed_for_demo only.","""See additive schema; no bank enum inferred"""
"Evidence","alias","evidence.alias","""string""","When this Batch A object / action is present","false","SRC-013 §7","SYNTHETIC-DEMO / DESIGN-HYPOTHESIS","Demo role; bank owner unconfirmed","Controlled action or fixture only","Action guards + draft schema; no bank rule inferred","Material action creates revision / retained prior session","SRC-010:DEP-02;SRC-010:DEP-05","Parties / Authority / Tasks / Activity / Print","synthetic-restricted","""EV-A01""","alias","alias","alias","Batch A Evidence.alias; SRC-013 Final v1.0 §7; synthetic / reviewed_for_demo only.","""See additive schema; no bank enum inferred"""
"EvidenceUseAssessment","synthetic","evidenceUseAssessments.synthetic","""boolean""","When this Batch A object / action is present","false","SRC-013 §7","SYNTHETIC-DEMO / DESIGN-HYPOTHESIS","Demo role; bank owner unconfirmed","Controlled action or fixture only","Action guards + draft schema; no bank rule inferred","Material action creates revision / retained prior session","SRC-010:DEP-02;SRC-010:DEP-05","Parties / Authority / Tasks / Activity / Print","synthetic-restricted","true","synthetic","synthetic","合成标记","Batch A EvidenceUseAssessment.synthetic; SRC-013 Final v1.0 §7; synthetic / reviewed_for_demo only.","""See additive schema; no bank enum inferred"""
"EvidenceUseAssessment","validation_status","evidenceUseAssessments.validation_status","""string""","When this Batch A object / action is present","false","SRC-013 §7","SYNTHETIC-DEMO / DESIGN-HYPOTHESIS","Demo role; bank owner unconfirmed","Controlled action or fixture only","Action guards + draft schema; no bank rule inferred","Material action creates revision / retained prior session","SRC-010:DEP-02;SRC-010:DEP-05","Parties / Authority / Tasks / Activity / Print","synthetic-restricted","""reviewed_for_demo""","validation status","validation status","验证状态","Batch A EvidenceUseAssessment.validation_status; SRC-013 Final v1.0 §7; synthetic / reviewed_for_demo only.","""See additive schema; no bank enum inferred"""
"EvidenceUseAssessment","value_status","evidenceUseAssessments.value_status","""string""","When this Batch A object / action is present","false","SRC-013 §7","SYNTHETIC-DEMO / DESIGN-HYPOTHESIS","Demo role; bank owner unconfirmed","Controlled action or fixture only","Action guards + draft schema; no bank rule inferred","Material action creates revision / retained prior session","SRC-010:DEP-02;SRC-010:DEP-05","Parties / Authority / Tasks / Activity / Print","synthetic-restricted","""reported""","value status","value status","值状态","Batch A EvidenceUseAssessment.value_status; SRC-013 Final v1.0 §7; synthetic / reviewed_for_demo only.","""See additive schema; no bank enum inferred"""
"EvidenceUseAssessment","provenance_refs","evidenceUseAssessments.provenance_refs","""array""","When this Batch A object / action is present","false","SRC-013 §7","SYNTHETIC-DEMO / DESIGN-HYPOTHESIS","Demo role; bank owner unconfirmed","Controlled action or fixture only","Action guards + draft schema; no bank rule inferred","Material action creates revision / retained prior session","SRC-010:DEP-02;SRC-010:DEP-05","Parties / Authority / Tasks / Activity / Print","synthetic-restricted","[""SRC-013""]","provenance refs","provenance refs","出处引用","Batch A EvidenceUseAssessment.provenance_refs; SRC-013 Final v1.0 §7; synthetic / reviewed_for_demo only.","""See additive schema; no bank enum inferred"""
"EvidenceUseAssessment","principal_entity_id","evidenceUseAssessments.principal_entity_id","""string""","When this Batch A object / action is present","false","SRC-013 §7","SYNTHETIC-DEMO / DESIGN-HYPOTHESIS","Demo role; bank owner unconfirmed","Controlled action or fixture only","Action guards + draft schema; no bank rule inferred","Material action creates revision / retained prior session","SRC-010:DEP-02;SRC-010:DEP-05","Parties / Authority / Tasks / Activity / Print","synthetic-restricted","""DEMO-CTT-001/entity/harbour""","principal entity id","principal entity id","被代表主体","Batch A EvidenceUseAssessment.principal_entity_id; SRC-013 Final v1.0 §7; synthetic / reviewed_for_demo only.","""See additive schema; no bank enum inferred"""
"EvidenceUseAssessment","assessment_permission_ref","evidenceUseAssessments.assessment_permission_ref","""string""","When this Batch A object / action is present","false","SRC-013 §7","SYNTHETIC-DEMO / DESIGN-HYPOTHESIS","Demo role; bank owner unconfirmed","Controlled action or fixture only","Action guards + draft schema; no bank rule inferred","Material action creates revision / retained prior session","SRC-010:DEP-02;SRC-010:DEP-05","Parties / Authority / Tasks / Activity / Print","synthetic-restricted","""SYNTHETIC-D2-A-RULES-v1""","assessment permission ref","assessment permission ref","评估操作权限","Batch A EvidenceUseAssessment.assessment_permission_ref; SRC-013 Final v1.0 §7; synthetic / reviewed_for_demo only.","""See additive schema; no bank enum inferred"""
"WorkItem","synthetic","workItems.synthetic","""boolean""","When this Batch A object / action is present","false","SRC-013 §7","SYNTHETIC-DEMO / DESIGN-HYPOTHESIS","Demo role; bank owner unconfirmed","Controlled action or fixture only","Action guards + draft schema; no bank rule inferred","Material action creates revision / retained prior session","SRC-010:DEP-02;SRC-010:DEP-05","Parties / Authority / Tasks / Activity / Print","synthetic-restricted","true","synthetic","synthetic","合成标记","Batch A WorkItem.synthetic; SRC-013 Final v1.0 §7; synthetic / reviewed_for_demo only.","""See additive schema; no bank enum inferred"""
"WorkItem","validation_status","workItems.validation_status","""string""","When this Batch A object / action is present","false","SRC-013 §7","SYNTHETIC-DEMO / DESIGN-HYPOTHESIS","Demo role; bank owner unconfirmed","Controlled action or fixture only","Action guards + draft schema; no bank rule inferred","Material action creates revision / retained prior session","SRC-010:DEP-02;SRC-010:DEP-05","Parties / Authority / Tasks / Activity / Print","synthetic-restricted","""reviewed_for_demo""","validation status","validation status","验证状态","Batch A WorkItem.validation_status; SRC-013 Final v1.0 §7; synthetic / reviewed_for_demo only.","""See additive schema; no bank enum inferred"""
"WorkItem","value_status","workItems.value_status","""string""","When this Batch A object / action is present","false","SRC-013 §7","SYNTHETIC-DEMO / DESIGN-HYPOTHESIS","Demo role; bank owner unconfirmed","Controlled action or fixture only","Action guards + draft schema; no bank rule inferred","Material action creates revision / retained prior session","SRC-010:DEP-02;SRC-010:DEP-05","Parties / Authority / Tasks / Activity / Print","synthetic-restricted","""reported""","value status","value status","值状态","Batch A WorkItem.value_status; SRC-013 Final v1.0 §7; synthetic / reviewed_for_demo only.","""See additive schema; no bank enum inferred"""
"WorkItem","provenance_refs","workItems.provenance_refs","""array""","When this Batch A object / action is present","false","SRC-013 §7","SYNTHETIC-DEMO / DESIGN-HYPOTHESIS","Demo role; bank owner unconfirmed","Controlled action or fixture only","Action guards + draft schema; no bank rule inferred","Material action creates revision / retained prior session","SRC-010:DEP-02;SRC-010:DEP-05","Parties / Authority / Tasks / Activity / Print","synthetic-restricted","[""SRC-013""]","provenance refs","provenance refs","出处引用","Batch A WorkItem.provenance_refs; SRC-013 Final v1.0 §7; synthetic / reviewed_for_demo only.","""See additive schema; no bank enum inferred"""
"WorkItem","work_type","workItems.work_type","""string""","When this Batch A object / action is present","false","SRC-013 §7","SYNTHETIC-DEMO / DESIGN-HYPOTHESIS","Demo role; bank owner unconfirmed","Controlled action or fixture only","Action guards + draft schema; no bank rule inferred","Material action creates revision / retained prior session","SRC-010:DEP-02;SRC-010:DEP-05","Parties / Authority / Tasks / Activity / Print","synthetic-restricted","""authority_gap""","work type","work type","工作类型","Batch A WorkItem.work_type; SRC-013 Final v1.0 §7; synthetic / reviewed_for_demo only.","""See additive schema; no bank enum inferred"""
"WorkItem","gap_key","workItems.gap_key","""string""","When this Batch A object / action is present","false","SRC-013 §7","SYNTHETIC-DEMO / DESIGN-HYPOTHESIS","Demo role; bank owner unconfirmed","Controlled action or fixture only","Action guards + draft schema; no bank rule inferred","Material action creates revision / retained prior session","SRC-010:DEP-02;SRC-010:DEP-05","Parties / Authority / Tasks / Activity / Print","synthetic-restricted","""DEMO-CTT-001/scope/institutional:DEMO-CTT-001/entity/harbour:coordinate_information:authority_gap""","gap key","gap key","gap_key","Batch A WorkItem.gap_key; SRC-013 Final v1.0 §7; synthetic / reviewed_for_demo only.","""See additive schema; no bank enum inferred"""
"WorkItem","principal_entity_id","workItems.principal_entity_id","""string""","When this Batch A object / action is present","false","SRC-013 §7","SYNTHETIC-DEMO / DESIGN-HYPOTHESIS","Demo role; bank owner unconfirmed","Controlled action or fixture only","Action guards + draft schema; no bank rule inferred","Material action creates revision / retained prior session","SRC-010:DEP-02;SRC-010:DEP-05","Parties / Authority / Tasks / Activity / Print","synthetic-restricted","""DEMO-CTT-001/entity/harbour""","principal entity id","principal entity id","被代表主体","Batch A WorkItem.principal_entity_id; SRC-013 Final v1.0 §7; synthetic / reviewed_for_demo only.","""See additive schema; no bank enum inferred"""
"WorkItem","purpose_code","workItems.purpose_code","""string""","When this Batch A object / action is present","false","SRC-013 §7","SYNTHETIC-DEMO / DESIGN-HYPOTHESIS","Demo role; bank owner unconfirmed","Controlled action or fixture only","Action guards + draft schema; no bank rule inferred","Material action creates revision / retained prior session","SRC-010:DEP-02;SRC-010:DEP-05","Parties / Authority / Tasks / Activity / Print","synthetic-restricted","""coordinate_information""","purpose code","purpose code","purpose_code","Batch A WorkItem.purpose_code; SRC-013 Final v1.0 §7; synthetic / reviewed_for_demo only.","""See additive schema; no bank enum inferred"""
"WorkItem","assignee_ref","workItems.assignee_ref","[""string"",""null""]","When this Batch A object / action is present","true","SRC-013 §7","SYNTHETIC-DEMO / DESIGN-HYPOTHESIS","Demo role; bank owner unconfirmed","Controlled action or fixture only","Action guards + draft schema; no bank rule inferred","Material action creates revision / retained prior session","SRC-010:DEP-02;SRC-010:DEP-05","Parties / Authority / Tasks / Activity / Print","synthetic-restricted","null","assignee ref","assignee ref","分派人员","Batch A WorkItem.assignee_ref; SRC-013 Final v1.0 §7; synthetic / reviewed_for_demo only.","""See additive schema; no bank enum inferred"""
"WorkItem","wait_reason","workItems.wait_reason","""string""","When this Batch A object / action is present","false","SRC-013 §7","SYNTHETIC-DEMO / DESIGN-HYPOTHESIS","Demo role; bank owner unconfirmed","Controlled action or fixture only","Action guards + draft schema; no bank rule inferred","Material action creates revision / retained prior session","SRC-010:DEP-02;SRC-010:DEP-05","Parties / Authority / Tasks / Activity / Print","synthetic-restricted","""principal_scope_not_established""","wait reason","wait reason","等待原因","Batch A WorkItem.wait_reason; SRC-013 Final v1.0 §7; synthetic / reviewed_for_demo only.","""See additive schema; no bank enum inferred"""
"WorkItem","required_inputs","workItems.required_inputs","""array""","When this Batch A object / action is present","false","SRC-013 §7","SYNTHETIC-DEMO / DESIGN-HYPOTHESIS","Demo role; bank owner unconfirmed","Controlled action or fixture only","Action guards + draft schema; no bank rule inferred","Material action creates revision / retained prior session","SRC-010:DEP-02;SRC-010:DEP-05","Parties / Authority / Tasks / Activity / Print","synthetic-restricted","[""principal_entity_id"",""purpose_code"",""authority_basis""]","required inputs","required inputs","所需输入","Batch A WorkItem.required_inputs; SRC-013 Final v1.0 §7; synthetic / reviewed_for_demo only.","""See additive schema; no bank enum inferred"""
"WorkItem","blocked_actions","workItems.blocked_actions","""array""","When this Batch A object / action is present","false","SRC-013 §7","SYNTHETIC-DEMO / DESIGN-HYPOTHESIS","Demo role; bank owner unconfirmed","Controlled action or fixture only","Action guards + draft schema; no bank rule inferred","Material action creates revision / retained prior session","SRC-010:DEP-02;SRC-010:DEP-05","Parties / Authority / Tasks / Activity / Print","synthetic-restricted","[""execute_agreement"",""issue_trade_instruction""]","blocked actions","blocked actions","受阻操作","Batch A WorkItem.blocked_actions; SRC-013 Final v1.0 §7; synthetic / reviewed_for_demo only.","""See additive schema; no bank enum inferred"""
"WorkItem","due_at","workItems.due_at","[""string"",""null""]","When this Batch A object / action is present","true","SRC-013 §7","SYNTHETIC-DEMO / DESIGN-HYPOTHESIS","Demo role; bank owner unconfirmed","Controlled action or fixture only","Action guards + draft schema; no bank rule inferred","Material action creates revision / retained prior session","SRC-010:DEP-02;SRC-010:DEP-05","Parties / Authority / Tasks / Activity / Print","synthetic-restricted","null","due at","due at","截止日期","Batch A WorkItem.due_at; SRC-013 Final v1.0 §7; synthetic / reviewed_for_demo only.","""See additive schema; no bank enum inferred"""
"AuditEvent","synthetic","auditEvents.synthetic","""boolean""","When this Batch A object / action is present","false","SRC-013 §7","SYNTHETIC-DEMO / DESIGN-HYPOTHESIS","Demo role; bank owner unconfirmed","Controlled action or fixture only","Action guards + draft schema; no bank rule inferred","Material action creates revision / retained prior session","SRC-010:DEP-02;SRC-010:DEP-05","Parties / Authority / Tasks / Activity / Print","synthetic-restricted","true","synthetic","synthetic","合成标记","Batch A AuditEvent.synthetic; SRC-013 Final v1.0 §7; synthetic / reviewed_for_demo only.","""See additive schema; no bank enum inferred"""
"AuditEvent","validation_status","auditEvents.validation_status","""string""","When this Batch A object / action is present","false","SRC-013 §7","SYNTHETIC-DEMO / DESIGN-HYPOTHESIS","Demo role; bank owner unconfirmed","Controlled action or fixture only","Action guards + draft schema; no bank rule inferred","Material action creates revision / retained prior session","SRC-010:DEP-02;SRC-010:DEP-05","Parties / Authority / Tasks / Activity / Print","synthetic-restricted","""reviewed_for_demo""","validation status","validation status","验证状态","Batch A AuditEvent.validation_status; SRC-013 Final v1.0 §7; synthetic / reviewed_for_demo only.","""See additive schema; no bank enum inferred"""
"AuditEvent","value_status","auditEvents.value_status","""string""","When this Batch A object / action is present","false","SRC-013 §7","SYNTHETIC-DEMO / DESIGN-HYPOTHESIS","Demo role; bank owner unconfirmed","Controlled action or fixture only","Action guards + draft schema; no bank rule inferred","Material action creates revision / retained prior session","SRC-010:DEP-02;SRC-010:DEP-05","Parties / Authority / Tasks / Activity / Print","synthetic-restricted","""reported""","value status","value status","值状态","Batch A AuditEvent.value_status; SRC-013 Final v1.0 §7; synthetic / reviewed_for_demo only.","""See additive schema; no bank enum inferred"""
"AuditEvent","provenance_refs","auditEvents.provenance_refs","""array""","When this Batch A object / action is present","false","SRC-013 §7","SYNTHETIC-DEMO / DESIGN-HYPOTHESIS","Demo role; bank owner unconfirmed","Controlled action or fixture only","Action guards + draft schema; no bank rule inferred","Material action creates revision / retained prior session","SRC-010:DEP-02;SRC-010:DEP-05","Parties / Authority / Tasks / Activity / Print","synthetic-restricted","[""SRC-013""]","provenance refs","provenance refs","出处引用","Batch A AuditEvent.provenance_refs; SRC-013 Final v1.0 §7; synthetic / reviewed_for_demo only.","""See additive schema; no bank enum inferred"""
"AuditEvent","object_refs","auditEvents.object_refs","""array""","When this Batch A object / action is present","false","SRC-013 §7","SYNTHETIC-DEMO / DESIGN-HYPOTHESIS","Demo role; bank owner unconfirmed","Controlled action or fixture only","Action guards + draft schema; no bank rule inferred","Material action creates revision / retained prior session","SRC-010:DEP-02;SRC-010:DEP-05","Parties / Authority / Tasks / Activity / Print","synthetic-restricted","[""DEMO-CTT-001/scope/institutional"",""DEMO-CTT-001/evidence/request-a""]","object refs","object refs","object_refs","Batch A AuditEvent.object_refs; SRC-013 Final v1.0 §7; synthetic / reviewed_for_demo only.","""See additive schema; no bank enum inferred"""
"AuditEvent","source_revision","auditEvents.source_revision","""string""","When this Batch A object / action is present","false","SRC-013 §7","SYNTHETIC-DEMO / DESIGN-HYPOTHESIS","Demo role; bank owner unconfirmed","Controlled action or fixture only","Action guards + draft schema; no bank rule inferred","Material action creates revision / retained prior session","SRC-010:DEP-02;SRC-010:DEP-05","Parties / Authority / Tasks / Activity / Print","synthetic-restricted","""D2-A-Final-1.0""","source revision","source revision","来源版本","Batch A AuditEvent.source_revision; SRC-013 Final v1.0 §7; synthetic / reviewed_for_demo only.","""See additive schema; no bank enum inferred"""
"AuditEvent","expected_revision","auditEvents.expected_revision","[""string"",""null""]","When this Batch A object / action is present","true","SRC-013 §7","SYNTHETIC-DEMO / DESIGN-HYPOTHESIS","Demo role; bank owner unconfirmed","Controlled action or fixture only","Action guards + draft schema; no bank rule inferred","Material action creates revision / retained prior session","SRC-010:DEP-02;SRC-010:DEP-05","Parties / Authority / Tasks / Activity / Print","synthetic-restricted","null","expected revision","expected revision","期望版本","Batch A AuditEvent.expected_revision; SRC-013 Final v1.0 §7; synthetic / reviewed_for_demo only.","""See additive schema; no bank enum inferred"""
"AuditEvent","causation_ref","auditEvents.causation_ref","[""string"",""null""]","When this Batch A object / action is present","true","SRC-013 §7","SYNTHETIC-DEMO / DESIGN-HYPOTHESIS","Demo role; bank owner unconfirmed","Controlled action or fixture only","Action guards + draft schema; no bank rule inferred","Material action creates revision / retained prior session","SRC-010:DEP-02;SRC-010:DEP-05","Parties / Authority / Tasks / Activity / Print","synthetic-restricted","null","causation ref","causation ref","因果事件","Batch A AuditEvent.causation_ref; SRC-013 Final v1.0 §7; synthetic / reviewed_for_demo only.","""See additive schema; no bank enum inferred"""
"AuditEvent","before_after_refs","auditEvents.before_after_refs","""object""","When this Batch A object / action is present","false","SRC-013 §7","SYNTHETIC-DEMO / DESIGN-HYPOTHESIS","Demo role; bank owner unconfirmed","Controlled action or fixture only","Action guards + draft schema; no bank rule inferred","Material action creates revision / retained prior session","SRC-010:DEP-02;SRC-010:DEP-05","Parties / Authority / Tasks / Activity / Print","synthetic-restricted","{""before"":null,""after"":""SNAP-A0""}","before after refs","before after refs","前后版本引用","Batch A AuditEvent.before_after_refs; SRC-013 Final v1.0 §7; synthetic / reviewed_for_demo only.","""See additive schema; no bank enum inferred"""
"AuditEvent","expected_scope_revision","auditEvents.expected_scope_revision","""integer""","When this Batch A object / action is present","false","SRC-013 §7","SYNTHETIC-DEMO / DESIGN-HYPOTHESIS","Demo role; bank owner unconfirmed","Controlled action or fixture only","Action guards + draft schema; no bank rule inferred","Material action creates revision / retained prior session","SRC-010:DEP-02;SRC-010:DEP-05","Parties / Authority / Tasks / Activity / Print","synthetic-restricted","1","expected scope revision","expected scope revision","expected_scope_revision","Batch A AuditEvent.expected_scope_revision; SRC-013 Final v1.0 §7; synthetic / reviewed_for_demo only.","""See additive schema; no bank enum inferred"""
"NaturalPerson","id","naturalPersons.id","""string""","When this Batch A object / action is present","false","SRC-013 §7","SYNTHETIC-DEMO / DESIGN-HYPOTHESIS","Demo role; bank owner unconfirmed","Controlled action or fixture only","Action guards + draft schema; no bank rule inferred","Material action creates revision / retained prior session","SRC-010:DEP-02;SRC-010:DEP-05","Parties / Authority / Tasks / Activity / Print","synthetic-restricted","""DEMO-CTT-001/person/person-t""","id","id","id","Batch A NaturalPerson.id; SRC-013 Final v1.0 §7; synthetic / reviewed_for_demo only.","""See additive schema; no bank enum inferred"""
"NaturalPerson","case_id","naturalPersons.case_id","""string""","When this Batch A object / action is present","false","SRC-013 §7","SYNTHETIC-DEMO / DESIGN-HYPOTHESIS","Demo role; bank owner unconfirmed","Controlled action or fixture only","Action guards + draft schema; no bank rule inferred","Material action creates revision / retained prior session","SRC-010:DEP-02;SRC-010:DEP-05","Parties / Authority / Tasks / Activity / Print","synthetic-restricted","""DEMO-CTT-001""","case id","case id","case_id","Batch A NaturalPerson.case_id; SRC-013 Final v1.0 §7; synthetic / reviewed_for_demo only.","""See additive schema; no bank enum inferred"""
"NaturalPerson","case_scope_id","naturalPersons.case_scope_id","""string""","When this Batch A object / action is present","false","SRC-013 §7","SYNTHETIC-DEMO / DESIGN-HYPOTHESIS","Demo role; bank owner unconfirmed","Controlled action or fixture only","Action guards + draft schema; no bank rule inferred","Material action creates revision / retained prior session","SRC-010:DEP-02;SRC-010:DEP-05","Parties / Authority / Tasks / Activity / Print","synthetic-restricted","""DEMO-CTT-001/scope/institutional""","case scope id","case scope id","case_scope_id","Batch A NaturalPerson.case_scope_id; SRC-013 Final v1.0 §7; synthetic / reviewed_for_demo only.","""See additive schema; no bank enum inferred"""
"NaturalPerson","revision","naturalPersons.revision","""integer""","When this Batch A object / action is present","false","SRC-013 §7","SYNTHETIC-DEMO / DESIGN-HYPOTHESIS","Demo role; bank owner unconfirmed","Controlled action or fixture only","Action guards + draft schema; no bank rule inferred","Material action creates revision / retained prior session","SRC-010:DEP-02;SRC-010:DEP-05","Parties / Authority / Tasks / Activity / Print","synthetic-restricted","1","revision","revision","revision","Batch A NaturalPerson.revision; SRC-013 Final v1.0 §7; synthetic / reviewed_for_demo only.","""See additive schema; no bank enum inferred"""
"NaturalPerson","supersedes_ref","naturalPersons.supersedes_ref","[""string"",""null""]","When this Batch A object / action is present","true","SRC-013 §7","SYNTHETIC-DEMO / DESIGN-HYPOTHESIS","Demo role; bank owner unconfirmed","Controlled action or fixture only","Action guards + draft schema; no bank rule inferred","Material action creates revision / retained prior session","SRC-010:DEP-02;SRC-010:DEP-05","Parties / Authority / Tasks / Activity / Print","synthetic-restricted","null","supersedes ref","supersedes ref","supersedes_ref","Batch A NaturalPerson.supersedes_ref; SRC-013 Final v1.0 §7; synthetic / reviewed_for_demo only.","""See additive schema; no bank enum inferred"""
"NaturalPerson","source_refs","naturalPersons.source_refs","""array""","When this Batch A object / action is present","false","SRC-013 §7","SYNTHETIC-DEMO / DESIGN-HYPOTHESIS","Demo role; bank owner unconfirmed","Controlled action or fixture only","Action guards + draft schema; no bank rule inferred","Material action creates revision / retained prior session","SRC-010:DEP-02;SRC-010:DEP-05","Parties / Authority / Tasks / Activity / Print","synthetic-restricted","[""SRC-013""]","source refs","source refs","source_refs","Batch A NaturalPerson.source_refs; SRC-013 Final v1.0 §7; synthetic / reviewed_for_demo only.","""See additive schema; no bank enum inferred"""
"NaturalPerson","source_status","naturalPersons.source_status","""string""","When this Batch A object / action is present","false","SRC-013 §7","SYNTHETIC-DEMO / DESIGN-HYPOTHESIS","Demo role; bank owner unconfirmed","Controlled action or fixture only","Action guards + draft schema; no bank rule inferred","Material action creates revision / retained prior session","SRC-010:DEP-02;SRC-010:DEP-05","Parties / Authority / Tasks / Activity / Print","synthetic-restricted","""SYNTHETIC""","source status","source status","source_status","Batch A NaturalPerson.source_status; SRC-013 Final v1.0 §7; synthetic / reviewed_for_demo only.","""See additive schema; no bank enum inferred"""
"NaturalPerson","simulation_flag","naturalPersons.simulation_flag","""boolean""","When this Batch A object / action is present","false","SRC-013 §7","SYNTHETIC-DEMO / DESIGN-HYPOTHESIS","Demo role; bank owner unconfirmed","Controlled action or fixture only","Action guards + draft schema; no bank rule inferred","Material action creates revision / retained prior session","SRC-010:DEP-02;SRC-010:DEP-05","Parties / Authority / Tasks / Activity / Print","synthetic-restricted","true","simulation flag","simulation flag","simulation_flag","Batch A NaturalPerson.simulation_flag; SRC-013 Final v1.0 §7; synthetic / reviewed_for_demo only.","""See additive schema; no bank enum inferred"""
"NaturalPerson","synthetic","naturalPersons.synthetic","""boolean""","When this Batch A object / action is present","false","SRC-013 §7","SYNTHETIC-DEMO / DESIGN-HYPOTHESIS","Demo role; bank owner unconfirmed","Controlled action or fixture only","Action guards + draft schema; no bank rule inferred","Material action creates revision / retained prior session","SRC-010:DEP-02;SRC-010:DEP-05","Parties / Authority / Tasks / Activity / Print","synthetic-restricted","true","synthetic","synthetic","合成标记","Batch A NaturalPerson.synthetic; SRC-013 Final v1.0 §7; synthetic / reviewed_for_demo only.","""See additive schema; no bank enum inferred"""
"NaturalPerson","validation_status","naturalPersons.validation_status","""string""","When this Batch A object / action is present","false","SRC-013 §7","SYNTHETIC-DEMO / DESIGN-HYPOTHESIS","Demo role; bank owner unconfirmed","Controlled action or fixture only","Action guards + draft schema; no bank rule inferred","Material action creates revision / retained prior session","SRC-010:DEP-02;SRC-010:DEP-05","Parties / Authority / Tasks / Activity / Print","synthetic-restricted","""reviewed_for_demo""","validation status","validation status","验证状态","Batch A NaturalPerson.validation_status; SRC-013 Final v1.0 §7; synthetic / reviewed_for_demo only.","""See additive schema; no bank enum inferred"""
"NaturalPerson","value_status","naturalPersons.value_status","""string""","When this Batch A object / action is present","false","SRC-013 §7","SYNTHETIC-DEMO / DESIGN-HYPOTHESIS","Demo role; bank owner unconfirmed","Controlled action or fixture only","Action guards + draft schema; no bank rule inferred","Material action creates revision / retained prior session","SRC-010:DEP-02;SRC-010:DEP-05","Parties / Authority / Tasks / Activity / Print","synthetic-restricted","""reported""","value status","value status","值状态","Batch A NaturalPerson.value_status; SRC-013 Final v1.0 §7; synthetic / reviewed_for_demo only.","""See additive schema; no bank enum inferred"""
"NaturalPerson","provenance_refs","naturalPersons.provenance_refs","""array""","When this Batch A object / action is present","false","SRC-013 §7","SYNTHETIC-DEMO / DESIGN-HYPOTHESIS","Demo role; bank owner unconfirmed","Controlled action or fixture only","Action guards + draft schema; no bank rule inferred","Material action creates revision / retained prior session","SRC-010:DEP-02;SRC-010:DEP-05","Parties / Authority / Tasks / Activity / Print","synthetic-restricted","[""SRC-013""]","provenance refs","provenance refs","出处引用","Batch A NaturalPerson.provenance_refs; SRC-013 Final v1.0 §7; synthetic / reviewed_for_demo only.","""See additive schema; no bank enum inferred"""
"NaturalPerson","owner_role","naturalPersons.owner_role","""string""","When this Batch A object / action is present","false","SRC-013 §7","SYNTHETIC-DEMO / DESIGN-HYPOTHESIS","Demo role; bank owner unconfirmed","Controlled action or fixture only","Action guards + draft schema; no bank rule inferred","Material action creates revision / retained prior session","SRC-010:DEP-02;SRC-010:DEP-05","Parties / Authority / Tasks / Activity / Print","synthetic-restricted","""ROLE-KYCOPS""","owner role","owner role","owner_role","Batch A NaturalPerson.owner_role; SRC-013 Final v1.0 §7; synthetic / reviewed_for_demo only.","""See additive schema; no bank enum inferred"""
"NaturalPerson","validation_owner","naturalPersons.validation_owner","""string""","When this Batch A object / action is present","false","SRC-013 §7","SYNTHETIC-DEMO / DESIGN-HYPOTHESIS","Demo role; bank owner unconfirmed","Controlled action or fixture only","Action guards + draft schema; no bank rule inferred","Material action creates revision / retained prior session","SRC-010:DEP-02;SRC-010:DEP-05","Parties / Authority / Tasks / Activity / Print","synthetic-restricted","""Christina""","validation owner","validation owner","validation_owner","Batch A NaturalPerson.validation_owner; SRC-013 Final v1.0 §7; synthetic / reviewed_for_demo only.","""See additive schema; no bank enum inferred"""
"NaturalPerson","authority_status","naturalPersons.authority_status","""string""","When this Batch A object / action is present","false","SRC-013 §7","SYNTHETIC-DEMO / DESIGN-HYPOTHESIS","Demo role; bank owner unconfirmed","Controlled action or fixture only","Action guards + draft schema; no bank rule inferred","Material action creates revision / retained prior session","SRC-010:DEP-02;SRC-010:DEP-05","Parties / Authority / Tasks / Activity / Print","synthetic-restricted","""unknown""","authority status","authority status","authority_status","Batch A NaturalPerson.authority_status; SRC-013 Final v1.0 §7; synthetic / reviewed_for_demo only.","""See additive schema; no bank enum inferred"""
"NaturalPerson","sensitivity","naturalPersons.sensitivity","""string""","When this Batch A object / action is present","false","SRC-013 §7","SYNTHETIC-DEMO / DESIGN-HYPOTHESIS","Demo role; bank owner unconfirmed","Controlled action or fixture only","Action guards + draft schema; no bank rule inferred","Material action creates revision / retained prior session","SRC-010:DEP-02;SRC-010:DEP-05","Parties / Authority / Tasks / Activity / Print","synthetic-restricted","""synthetic-restricted""","sensitivity","sensitivity","sensitivity","Batch A NaturalPerson.sensitivity; SRC-013 Final v1.0 §7; synthetic / reviewed_for_demo only.","""See additive schema; no bank enum inferred"""
"NaturalPerson","created_at","naturalPersons.created_at","""string""","When this Batch A object / action is present","false","SRC-013 §7","SYNTHETIC-DEMO / DESIGN-HYPOTHESIS","Demo role; bank owner unconfirmed","Controlled action or fixture only","Action guards + draft schema; no bank rule inferred","Material action creates revision / retained prior session","SRC-010:DEP-02;SRC-010:DEP-05","Parties / Authority / Tasks / Activity / Print","synthetic-restricted","""2026-09-07T08:00:00Z""","created at","created at","created_at","Batch A NaturalPerson.created_at; SRC-013 Final v1.0 §7; synthetic / reviewed_for_demo only.","""See additive schema; no bank enum inferred"""
"NaturalPerson","updated_at","naturalPersons.updated_at","""string""","When this Batch A object / action is present","false","SRC-013 §7","SYNTHETIC-DEMO / DESIGN-HYPOTHESIS","Demo role; bank owner unconfirmed","Controlled action or fixture only","Action guards + draft schema; no bank rule inferred","Material action creates revision / retained prior session","SRC-010:DEP-02;SRC-010:DEP-05","Parties / Authority / Tasks / Activity / Print","synthetic-restricted","""2026-09-07T08:00:00Z""","updated at","updated at","updated_at","Batch A NaturalPerson.updated_at; SRC-013 Final v1.0 §7; synthetic / reviewed_for_demo only.","""See additive schema; no bank enum inferred"""
"NaturalPerson","as_of","naturalPersons.as_of","""string""","When this Batch A object / action is present","false","SRC-013 §7","SYNTHETIC-DEMO / DESIGN-HYPOTHESIS","Demo role; bank owner unconfirmed","Controlled action or fixture only","Action guards + draft schema; no bank rule inferred","Material action creates revision / retained prior session","SRC-010:DEP-02;SRC-010:DEP-05","Parties / Authority / Tasks / Activity / Print","synthetic-restricted","""2026-09-07T08:00:00Z""","as of","as of","as_of","Batch A NaturalPerson.as_of; SRC-013 Final v1.0 §7; synthetic / reviewed_for_demo only.","""See additive schema; no bank enum inferred"""
"NaturalPerson","question_ref","naturalPersons.question_ref","""string""","When this Batch A object / action is present","false","SRC-013 §7","SYNTHETIC-DEMO / DESIGN-HYPOTHESIS","Demo role; bank owner unconfirmed","Controlled action or fixture only","Action guards + draft schema; no bank rule inferred","Material action creates revision / retained prior session","SRC-010:DEP-02;SRC-010:DEP-05","Parties / Authority / Tasks / Activity / Print","synthetic-restricted","""D2-A-Q-AUTHORITY""","question ref","question ref","question_ref","Batch A NaturalPerson.question_ref; SRC-013 Final v1.0 §7; synthetic / reviewed_for_demo only.","""See additive schema; no bank enum inferred"""
"NaturalPerson","audit_event_refs","naturalPersons.audit_event_refs","""array""","When this Batch A object / action is present","false","SRC-013 §7","SYNTHETIC-DEMO / DESIGN-HYPOTHESIS","Demo role; bank owner unconfirmed","Controlled action or fixture only","Action guards + draft schema; no bank rule inferred","Material action creates revision / retained prior session","SRC-010:DEP-02;SRC-010:DEP-05","Parties / Authority / Tasks / Activity / Print","synthetic-restricted","[]","audit event refs","audit event refs","audit_event_refs","Batch A NaturalPerson.audit_event_refs; SRC-013 Final v1.0 §7; synthetic / reviewed_for_demo only.","""See additive schema; no bank enum inferred"""
"NaturalPerson","display_name","naturalPersons.display_name","""string""","When this Batch A object / action is present","false","SRC-013 §7","SYNTHETIC-DEMO / DESIGN-HYPOTHESIS","Demo role; bank owner unconfirmed","Controlled action or fixture only","Action guards + draft schema; no bank rule inferred","Material action creates revision / retained prior session","SRC-010:DEP-02;SRC-010:DEP-05","Parties / Authority / Tasks / Activity / Print","synthetic-restricted","""Person T""","display name","display name","display_name","Batch A NaturalPerson.display_name; SRC-013 Final v1.0 §7; synthetic / reviewed_for_demo only.","""See additive schema; no bank enum inferred"""
"NaturalPerson","employer_entity_id","naturalPersons.employer_entity_id","""string""","When this Batch A object / action is present","false","SRC-013 §7","SYNTHETIC-DEMO / DESIGN-HYPOTHESIS","Demo role; bank owner unconfirmed","Controlled action or fixture only","Action guards + draft schema; no bank rule inferred","Material action creates revision / retained prior session","SRC-010:DEP-02;SRC-010:DEP-05","Parties / Authority / Tasks / Activity / Print","synthetic-restricted","""DEMO-CTT-001/entity/entity-b""","employer entity id","employer entity id","任职主体","Batch A NaturalPerson.employer_entity_id; SRC-013 Final v1.0 §7; synthetic / reviewed_for_demo only.","""See additive schema; no bank enum inferred"""
"NaturalPerson","business_role_title","naturalPersons.business_role_title","""string""","When this Batch A object / action is present","false","SRC-013 §7","SYNTHETIC-DEMO / DESIGN-HYPOTHESIS","Demo role; bank owner unconfirmed","Controlled action or fixture only","Action guards + draft schema; no bank rule inferred","Material action creates revision / retained prior session","SRC-010:DEP-02;SRC-010:DEP-05","Parties / Authority / Tasks / Activity / Print","synthetic-restricted","""Group treasury contact""","business role title","business role title","business_role_title","Batch A NaturalPerson.business_role_title; SRC-013 Final v1.0 §7; synthetic / reviewed_for_demo only.","""See additive schema; no bank enum inferred"""
"PartyRelationship","id","partyRelationships.id","""string""","When this Batch A object / action is present","false","SRC-013 §7","SYNTHETIC-DEMO / DESIGN-HYPOTHESIS","Demo role; bank owner unconfirmed","Controlled action or fixture only","Action guards + draft schema; no bank rule inferred","Material action creates revision / retained prior session","SRC-010:DEP-02;SRC-010:DEP-05","Parties / Authority / Tasks / Activity / Print","synthetic-restricted","""DEMO-CTT-001/relationship/reported-parent""","id","id","id","Batch A PartyRelationship.id; SRC-013 Final v1.0 §7; synthetic / reviewed_for_demo only.","""See additive schema; no bank enum inferred"""
"PartyRelationship","case_id","partyRelationships.case_id","""string""","When this Batch A object / action is present","false","SRC-013 §7","SYNTHETIC-DEMO / DESIGN-HYPOTHESIS","Demo role; bank owner unconfirmed","Controlled action or fixture only","Action guards + draft schema; no bank rule inferred","Material action creates revision / retained prior session","SRC-010:DEP-02;SRC-010:DEP-05","Parties / Authority / Tasks / Activity / Print","synthetic-restricted","""DEMO-CTT-001""","case id","case id","case_id","Batch A PartyRelationship.case_id; SRC-013 Final v1.0 §7; synthetic / reviewed_for_demo only.","""See additive schema; no bank enum inferred"""
"PartyRelationship","case_scope_id","partyRelationships.case_scope_id","""string""","When this Batch A object / action is present","false","SRC-013 §7","SYNTHETIC-DEMO / DESIGN-HYPOTHESIS","Demo role; bank owner unconfirmed","Controlled action or fixture only","Action guards + draft schema; no bank rule inferred","Material action creates revision / retained prior session","SRC-010:DEP-02;SRC-010:DEP-05","Parties / Authority / Tasks / Activity / Print","synthetic-restricted","""DEMO-CTT-001/scope/institutional""","case scope id","case scope id","case_scope_id","Batch A PartyRelationship.case_scope_id; SRC-013 Final v1.0 §7; synthetic / reviewed_for_demo only.","""See additive schema; no bank enum inferred"""
"PartyRelationship","revision","partyRelationships.revision","""integer""","When this Batch A object / action is present","false","SRC-013 §7","SYNTHETIC-DEMO / DESIGN-HYPOTHESIS","Demo role; bank owner unconfirmed","Controlled action or fixture only","Action guards + draft schema; no bank rule inferred","Material action creates revision / retained prior session","SRC-010:DEP-02;SRC-010:DEP-05","Parties / Authority / Tasks / Activity / Print","synthetic-restricted","1","revision","revision","revision","Batch A PartyRelationship.revision; SRC-013 Final v1.0 §7; synthetic / reviewed_for_demo only.","""See additive schema; no bank enum inferred"""
"PartyRelationship","supersedes_ref","partyRelationships.supersedes_ref","[""string"",""null""]","When this Batch A object / action is present","true","SRC-013 §7","SYNTHETIC-DEMO / DESIGN-HYPOTHESIS","Demo role; bank owner unconfirmed","Controlled action or fixture only","Action guards + draft schema; no bank rule inferred","Material action creates revision / retained prior session","SRC-010:DEP-02;SRC-010:DEP-05","Parties / Authority / Tasks / Activity / Print","synthetic-restricted","null","supersedes ref","supersedes ref","supersedes_ref","Batch A PartyRelationship.supersedes_ref; SRC-013 Final v1.0 §7; synthetic / reviewed_for_demo only.","""See additive schema; no bank enum inferred"""
"PartyRelationship","source_refs","partyRelationships.source_refs","""array""","When this Batch A object / action is present","false","SRC-013 §7","SYNTHETIC-DEMO / DESIGN-HYPOTHESIS","Demo role; bank owner unconfirmed","Controlled action or fixture only","Action guards + draft schema; no bank rule inferred","Material action creates revision / retained prior session","SRC-010:DEP-02;SRC-010:DEP-05","Parties / Authority / Tasks / Activity / Print","synthetic-restricted","[""SRC-013""]","source refs","source refs","source_refs","Batch A PartyRelationship.source_refs; SRC-013 Final v1.0 §7; synthetic / reviewed_for_demo only.","""See additive schema; no bank enum inferred"""
"PartyRelationship","source_status","partyRelationships.source_status","""string""","When this Batch A object / action is present","false","SRC-013 §7","SYNTHETIC-DEMO / DESIGN-HYPOTHESIS","Demo role; bank owner unconfirmed","Controlled action or fixture only","Action guards + draft schema; no bank rule inferred","Material action creates revision / retained prior session","SRC-010:DEP-02;SRC-010:DEP-05","Parties / Authority / Tasks / Activity / Print","synthetic-restricted","""SYNTHETIC""","source status","source status","source_status","Batch A PartyRelationship.source_status; SRC-013 Final v1.0 §7; synthetic / reviewed_for_demo only.","""See additive schema; no bank enum inferred"""
"PartyRelationship","simulation_flag","partyRelationships.simulation_flag","""boolean""","When this Batch A object / action is present","false","SRC-013 §7","SYNTHETIC-DEMO / DESIGN-HYPOTHESIS","Demo role; bank owner unconfirmed","Controlled action or fixture only","Action guards + draft schema; no bank rule inferred","Material action creates revision / retained prior session","SRC-010:DEP-02;SRC-010:DEP-05","Parties / Authority / Tasks / Activity / Print","synthetic-restricted","true","simulation flag","simulation flag","simulation_flag","Batch A PartyRelationship.simulation_flag; SRC-013 Final v1.0 §7; synthetic / reviewed_for_demo only.","""See additive schema; no bank enum inferred"""
"PartyRelationship","synthetic","partyRelationships.synthetic","""boolean""","When this Batch A object / action is present","false","SRC-013 §7","SYNTHETIC-DEMO / DESIGN-HYPOTHESIS","Demo role; bank owner unconfirmed","Controlled action or fixture only","Action guards + draft schema; no bank rule inferred","Material action creates revision / retained prior session","SRC-010:DEP-02;SRC-010:DEP-05","Parties / Authority / Tasks / Activity / Print","synthetic-restricted","true","synthetic","synthetic","合成标记","Batch A PartyRelationship.synthetic; SRC-013 Final v1.0 §7; synthetic / reviewed_for_demo only.","""See additive schema; no bank enum inferred"""
"PartyRelationship","validation_status","partyRelationships.validation_status","""string""","When this Batch A object / action is present","false","SRC-013 §7","SYNTHETIC-DEMO / DESIGN-HYPOTHESIS","Demo role; bank owner unconfirmed","Controlled action or fixture only","Action guards + draft schema; no bank rule inferred","Material action creates revision / retained prior session","SRC-010:DEP-02;SRC-010:DEP-05","Parties / Authority / Tasks / Activity / Print","synthetic-restricted","""reviewed_for_demo""","validation status","validation status","验证状态","Batch A PartyRelationship.validation_status; SRC-013 Final v1.0 §7; synthetic / reviewed_for_demo only.","""See additive schema; no bank enum inferred"""
"PartyRelationship","value_status","partyRelationships.value_status","""string""","When this Batch A object / action is present","false","SRC-013 §7","SYNTHETIC-DEMO / DESIGN-HYPOTHESIS","Demo role; bank owner unconfirmed","Controlled action or fixture only","Action guards + draft schema; no bank rule inferred","Material action creates revision / retained prior session","SRC-010:DEP-02;SRC-010:DEP-05","Parties / Authority / Tasks / Activity / Print","synthetic-restricted","""reported""","value status","value status","值状态","Batch A PartyRelationship.value_status; SRC-013 Final v1.0 §7; synthetic / reviewed_for_demo only.","""See additive schema; no bank enum inferred"""
"PartyRelationship","provenance_refs","partyRelationships.provenance_refs","""array""","When this Batch A object / action is present","false","SRC-013 §7","SYNTHETIC-DEMO / DESIGN-HYPOTHESIS","Demo role; bank owner unconfirmed","Controlled action or fixture only","Action guards + draft schema; no bank rule inferred","Material action creates revision / retained prior session","SRC-010:DEP-02;SRC-010:DEP-05","Parties / Authority / Tasks / Activity / Print","synthetic-restricted","[""SRC-013""]","provenance refs","provenance refs","出处引用","Batch A PartyRelationship.provenance_refs; SRC-013 Final v1.0 §7; synthetic / reviewed_for_demo only.","""See additive schema; no bank enum inferred"""
"PartyRelationship","owner_role","partyRelationships.owner_role","""string""","When this Batch A object / action is present","false","SRC-013 §7","SYNTHETIC-DEMO / DESIGN-HYPOTHESIS","Demo role; bank owner unconfirmed","Controlled action or fixture only","Action guards + draft schema; no bank rule inferred","Material action creates revision / retained prior session","SRC-010:DEP-02;SRC-010:DEP-05","Parties / Authority / Tasks / Activity / Print","synthetic-restricted","""ROLE-KYCOPS""","owner role","owner role","owner_role","Batch A PartyRelationship.owner_role; SRC-013 Final v1.0 §7; synthetic / reviewed_for_demo only.","""See additive schema; no bank enum inferred"""
"PartyRelationship","validation_owner","partyRelationships.validation_owner","""string""","When this Batch A object / action is present","false","SRC-013 §7","SYNTHETIC-DEMO / DESIGN-HYPOTHESIS","Demo role; bank owner unconfirmed","Controlled action or fixture only","Action guards + draft schema; no bank rule inferred","Material action creates revision / retained prior session","SRC-010:DEP-02;SRC-010:DEP-05","Parties / Authority / Tasks / Activity / Print","synthetic-restricted","""Christina""","validation owner","validation owner","validation_owner","Batch A PartyRelationship.validation_owner; SRC-013 Final v1.0 §7; synthetic / reviewed_for_demo only.","""See additive schema; no bank enum inferred"""
"PartyRelationship","authority_status","partyRelationships.authority_status","""string""","When this Batch A object / action is present","false","SRC-013 §7","SYNTHETIC-DEMO / DESIGN-HYPOTHESIS","Demo role; bank owner unconfirmed","Controlled action or fixture only","Action guards + draft schema; no bank rule inferred","Material action creates revision / retained prior session","SRC-010:DEP-02;SRC-010:DEP-05","Parties / Authority / Tasks / Activity / Print","synthetic-restricted","""unknown""","authority status","authority status","authority_status","Batch A PartyRelationship.authority_status; SRC-013 Final v1.0 §7; synthetic / reviewed_for_demo only.","""See additive schema; no bank enum inferred"""
"PartyRelationship","sensitivity","partyRelationships.sensitivity","""string""","When this Batch A object / action is present","false","SRC-013 §7","SYNTHETIC-DEMO / DESIGN-HYPOTHESIS","Demo role; bank owner unconfirmed","Controlled action or fixture only","Action guards + draft schema; no bank rule inferred","Material action creates revision / retained prior session","SRC-010:DEP-02;SRC-010:DEP-05","Parties / Authority / Tasks / Activity / Print","synthetic-restricted","""synthetic-restricted""","sensitivity","sensitivity","sensitivity","Batch A PartyRelationship.sensitivity; SRC-013 Final v1.0 §7; synthetic / reviewed_for_demo only.","""See additive schema; no bank enum inferred"""
"PartyRelationship","created_at","partyRelationships.created_at","""string""","When this Batch A object / action is present","false","SRC-013 §7","SYNTHETIC-DEMO / DESIGN-HYPOTHESIS","Demo role; bank owner unconfirmed","Controlled action or fixture only","Action guards + draft schema; no bank rule inferred","Material action creates revision / retained prior session","SRC-010:DEP-02;SRC-010:DEP-05","Parties / Authority / Tasks / Activity / Print","synthetic-restricted","""2026-09-07T08:00:00Z""","created at","created at","created_at","Batch A PartyRelationship.created_at; SRC-013 Final v1.0 §7; synthetic / reviewed_for_demo only.","""See additive schema; no bank enum inferred"""
"PartyRelationship","updated_at","partyRelationships.updated_at","""string""","When this Batch A object / action is present","false","SRC-013 §7","SYNTHETIC-DEMO / DESIGN-HYPOTHESIS","Demo role; bank owner unconfirmed","Controlled action or fixture only","Action guards + draft schema; no bank rule inferred","Material action creates revision / retained prior session","SRC-010:DEP-02;SRC-010:DEP-05","Parties / Authority / Tasks / Activity / Print","synthetic-restricted","""2026-09-07T08:00:00Z""","updated at","updated at","updated_at","Batch A PartyRelationship.updated_at; SRC-013 Final v1.0 §7; synthetic / reviewed_for_demo only.","""See additive schema; no bank enum inferred"""
"PartyRelationship","as_of","partyRelationships.as_of","""string""","When this Batch A object / action is present","false","SRC-013 §7","SYNTHETIC-DEMO / DESIGN-HYPOTHESIS","Demo role; bank owner unconfirmed","Controlled action or fixture only","Action guards + draft schema; no bank rule inferred","Material action creates revision / retained prior session","SRC-010:DEP-02;SRC-010:DEP-05","Parties / Authority / Tasks / Activity / Print","synthetic-restricted","""2026-09-07T08:00:00Z""","as of","as of","as_of","Batch A PartyRelationship.as_of; SRC-013 Final v1.0 §7; synthetic / reviewed_for_demo only.","""See additive schema; no bank enum inferred"""
"PartyRelationship","question_ref","partyRelationships.question_ref","""string""","When this Batch A object / action is present","false","SRC-013 §7","SYNTHETIC-DEMO / DESIGN-HYPOTHESIS","Demo role; bank owner unconfirmed","Controlled action or fixture only","Action guards + draft schema; no bank rule inferred","Material action creates revision / retained prior session","SRC-010:DEP-02;SRC-010:DEP-05","Parties / Authority / Tasks / Activity / Print","synthetic-restricted","""D2-A-Q-AUTHORITY""","question ref","question ref","question_ref","Batch A PartyRelationship.question_ref; SRC-013 Final v1.0 §7; synthetic / reviewed_for_demo only.","""See additive schema; no bank enum inferred"""
"PartyRelationship","audit_event_refs","partyRelationships.audit_event_refs","""array""","When this Batch A object / action is present","false","SRC-013 §7","SYNTHETIC-DEMO / DESIGN-HYPOTHESIS","Demo role; bank owner unconfirmed","Controlled action or fixture only","Action guards + draft schema; no bank rule inferred","Material action creates revision / retained prior session","SRC-010:DEP-02;SRC-010:DEP-05","Parties / Authority / Tasks / Activity / Print","synthetic-restricted","[]","audit event refs","audit event refs","audit_event_refs","Batch A PartyRelationship.audit_event_refs; SRC-013 Final v1.0 §7; synthetic / reviewed_for_demo only.","""See additive schema; no bank enum inferred"""
"PartyRelationship","from_entity_id","partyRelationships.from_entity_id","""string""","When this Batch A object / action is present","false","SRC-013 §7","SYNTHETIC-DEMO / DESIGN-HYPOTHESIS","Demo role; bank owner unconfirmed","Controlled action or fixture only","Action guards + draft schema; no bank rule inferred","Material action creates revision / retained prior session","SRC-010:DEP-02;SRC-010:DEP-05","Parties / Authority / Tasks / Activity / Print","synthetic-restricted","""DEMO-CTT-001/entity/entity-b""","from entity id","from entity id","from_entity_id","Batch A PartyRelationship.from_entity_id; SRC-013 Final v1.0 §7; synthetic / reviewed_for_demo only.","""See additive schema; no bank enum inferred"""
"PartyRelationship","to_entity_id","partyRelationships.to_entity_id","""string""","When this Batch A object / action is present","false","SRC-013 §7","SYNTHETIC-DEMO / DESIGN-HYPOTHESIS","Demo role; bank owner unconfirmed","Controlled action or fixture only","Action guards + draft schema; no bank rule inferred","Material action creates revision / retained prior session","SRC-010:DEP-02;SRC-010:DEP-05","Parties / Authority / Tasks / Activity / Print","synthetic-restricted","""DEMO-CTT-001/entity/harbour""","to entity id","to entity id","to_entity_id","Batch A PartyRelationship.to_entity_id; SRC-013 Final v1.0 §7; synthetic / reviewed_for_demo only.","""See additive schema; no bank enum inferred"""
"PartyRelationship","relationship_type","partyRelationships.relationship_type","""string""","When this Batch A object / action is present","false","SRC-013 §7","SYNTHETIC-DEMO / DESIGN-HYPOTHESIS","Demo role; bank owner unconfirmed","Controlled action or fixture only","Action guards + draft schema; no bank rule inferred","Material action creates revision / retained prior session","SRC-010:DEP-02;SRC-010:DEP-05","Parties / Authority / Tasks / Activity / Print","synthetic-restricted","""reported_parent""","relationship type","relationship type","relationship_type","Batch A PartyRelationship.relationship_type; SRC-013 Final v1.0 §7; synthetic / reviewed_for_demo only.","""See additive schema; no bank enum inferred"""
"PartyRelationship","status","partyRelationships.status","""string""","When this Batch A object / action is present","false","SRC-013 §7","SYNTHETIC-DEMO / DESIGN-HYPOTHESIS","Demo role; bank owner unconfirmed","Controlled action or fixture only","Action guards + draft schema; no bank rule inferred","Material action creates revision / retained prior session","SRC-010:DEP-02;SRC-010:DEP-05","Parties / Authority / Tasks / Activity / Print","synthetic-restricted","""reported""","status","status","status","Batch A PartyRelationship.status; SRC-013 Final v1.0 §7; synthetic / reviewed_for_demo only.","""See additive schema; no bank enum inferred"""
"PartyRelationship","basis_refs","partyRelationships.basis_refs","""array""","When this Batch A object / action is present","false","SRC-013 §7","SYNTHETIC-DEMO / DESIGN-HYPOTHESIS","Demo role; bank owner unconfirmed","Controlled action or fixture only","Action guards + draft schema; no bank rule inferred","Material action creates revision / retained prior session","SRC-010:DEP-02;SRC-010:DEP-05","Parties / Authority / Tasks / Activity / Print","synthetic-restricted","[""DEMO-CTT-001/evidence/group-structure""]","basis refs","basis refs","basis_refs","Batch A PartyRelationship.basis_refs; SRC-013 Final v1.0 §7; synthetic / reviewed_for_demo only.","""See additive schema; no bank enum inferred"""
"PartyRelationship","effective_from","partyRelationships.effective_from","[""string"",""null""]","When this Batch A object / action is present","true","SRC-013 §7","SYNTHETIC-DEMO / DESIGN-HYPOTHESIS","Demo role; bank owner unconfirmed","Controlled action or fixture only","Action guards + draft schema; no bank rule inferred","Material action creates revision / retained prior session","SRC-010:DEP-02;SRC-010:DEP-05","Parties / Authority / Tasks / Activity / Print","synthetic-restricted","null","effective from","effective from","effective_from","Batch A PartyRelationship.effective_from; SRC-013 Final v1.0 §7; synthetic / reviewed_for_demo only.","""See additive schema; no bank enum inferred"""
"PartyRelationship","effective_to","partyRelationships.effective_to","[""string"",""null""]","When this Batch A object / action is present","true","SRC-013 §7","SYNTHETIC-DEMO / DESIGN-HYPOTHESIS","Demo role; bank owner unconfirmed","Controlled action or fixture only","Action guards + draft schema; no bank rule inferred","Material action creates revision / retained prior session","SRC-010:DEP-02;SRC-010:DEP-05","Parties / Authority / Tasks / Activity / Print","synthetic-restricted","null","effective to","effective to","effective_to","Batch A PartyRelationship.effective_to; SRC-013 Final v1.0 §7; synthetic / reviewed_for_demo only.","""See additive schema; no bank enum inferred"""
"InformationRequest","id","informationRequests.id","""string""","When this Batch A object / action is present","false","SRC-013 §7","SYNTHETIC-DEMO / DESIGN-HYPOTHESIS","Demo role; bank owner unconfirmed","Controlled action or fixture only","Action guards + draft schema; no bank rule inferred","Material action creates revision / retained prior session","SRC-010:DEP-02;SRC-010:DEP-05","Parties / Authority / Tasks / Activity / Print","synthetic-restricted","""DEMO-CTT-001/request/authority_gap""","id","id","id","Batch A InformationRequest.id; SRC-013 Final v1.0 §7; synthetic / reviewed_for_demo only.","""See additive schema; no bank enum inferred"""
"InformationRequest","case_id","informationRequests.case_id","""string""","When this Batch A object / action is present","false","SRC-013 §7","SYNTHETIC-DEMO / DESIGN-HYPOTHESIS","Demo role; bank owner unconfirmed","Controlled action or fixture only","Action guards + draft schema; no bank rule inferred","Material action creates revision / retained prior session","SRC-010:DEP-02;SRC-010:DEP-05","Parties / Authority / Tasks / Activity / Print","synthetic-restricted","""DEMO-CTT-001""","case id","case id","case_id","Batch A InformationRequest.case_id; SRC-013 Final v1.0 §7; synthetic / reviewed_for_demo only.","""See additive schema; no bank enum inferred"""
"InformationRequest","case_scope_id","informationRequests.case_scope_id","""string""","When this Batch A object / action is present","false","SRC-013 §7","SYNTHETIC-DEMO / DESIGN-HYPOTHESIS","Demo role; bank owner unconfirmed","Controlled action or fixture only","Action guards + draft schema; no bank rule inferred","Material action creates revision / retained prior session","SRC-010:DEP-02;SRC-010:DEP-05","Parties / Authority / Tasks / Activity / Print","synthetic-restricted","""DEMO-CTT-001/scope/institutional""","case scope id","case scope id","case_scope_id","Batch A InformationRequest.case_scope_id; SRC-013 Final v1.0 §7; synthetic / reviewed_for_demo only.","""See additive schema; no bank enum inferred"""
"InformationRequest","revision","informationRequests.revision","""integer""","When this Batch A object / action is present","false","SRC-013 §7","SYNTHETIC-DEMO / DESIGN-HYPOTHESIS","Demo role; bank owner unconfirmed","Controlled action or fixture only","Action guards + draft schema; no bank rule inferred","Material action creates revision / retained prior session","SRC-010:DEP-02;SRC-010:DEP-05","Parties / Authority / Tasks / Activity / Print","synthetic-restricted","1","revision","revision","revision","Batch A InformationRequest.revision; SRC-013 Final v1.0 §7; synthetic / reviewed_for_demo only.","""See additive schema; no bank enum inferred"""
"InformationRequest","supersedes_ref","informationRequests.supersedes_ref","[""string"",""null""]","When this Batch A object / action is present","true","SRC-013 §7","SYNTHETIC-DEMO / DESIGN-HYPOTHESIS","Demo role; bank owner unconfirmed","Controlled action or fixture only","Action guards + draft schema; no bank rule inferred","Material action creates revision / retained prior session","SRC-010:DEP-02;SRC-010:DEP-05","Parties / Authority / Tasks / Activity / Print","synthetic-restricted","null","supersedes ref","supersedes ref","supersedes_ref","Batch A InformationRequest.supersedes_ref; SRC-013 Final v1.0 §7; synthetic / reviewed_for_demo only.","""See additive schema; no bank enum inferred"""
"InformationRequest","source_refs","informationRequests.source_refs","""array""","When this Batch A object / action is present","false","SRC-013 §7","SYNTHETIC-DEMO / DESIGN-HYPOTHESIS","Demo role; bank owner unconfirmed","Controlled action or fixture only","Action guards + draft schema; no bank rule inferred","Material action creates revision / retained prior session","SRC-010:DEP-02;SRC-010:DEP-05","Parties / Authority / Tasks / Activity / Print","synthetic-restricted","[""SRC-013""]","source refs","source refs","source_refs","Batch A InformationRequest.source_refs; SRC-013 Final v1.0 §7; synthetic / reviewed_for_demo only.","""See additive schema; no bank enum inferred"""
"InformationRequest","source_status","informationRequests.source_status","""string""","When this Batch A object / action is present","false","SRC-013 §7","SYNTHETIC-DEMO / DESIGN-HYPOTHESIS","Demo role; bank owner unconfirmed","Controlled action or fixture only","Action guards + draft schema; no bank rule inferred","Material action creates revision / retained prior session","SRC-010:DEP-02;SRC-010:DEP-05","Parties / Authority / Tasks / Activity / Print","synthetic-restricted","""SYNTHETIC""","source status","source status","source_status","Batch A InformationRequest.source_status; SRC-013 Final v1.0 §7; synthetic / reviewed_for_demo only.","""See additive schema; no bank enum inferred"""
"InformationRequest","simulation_flag","informationRequests.simulation_flag","""boolean""","When this Batch A object / action is present","false","SRC-013 §7","SYNTHETIC-DEMO / DESIGN-HYPOTHESIS","Demo role; bank owner unconfirmed","Controlled action or fixture only","Action guards + draft schema; no bank rule inferred","Material action creates revision / retained prior session","SRC-010:DEP-02;SRC-010:DEP-05","Parties / Authority / Tasks / Activity / Print","synthetic-restricted","true","simulation flag","simulation flag","simulation_flag","Batch A InformationRequest.simulation_flag; SRC-013 Final v1.0 §7; synthetic / reviewed_for_demo only.","""See additive schema; no bank enum inferred"""
"InformationRequest","synthetic","informationRequests.synthetic","""boolean""","When this Batch A object / action is present","false","SRC-013 §7","SYNTHETIC-DEMO / DESIGN-HYPOTHESIS","Demo role; bank owner unconfirmed","Controlled action or fixture only","Action guards + draft schema; no bank rule inferred","Material action creates revision / retained prior session","SRC-010:DEP-02;SRC-010:DEP-05","Parties / Authority / Tasks / Activity / Print","synthetic-restricted","true","synthetic","synthetic","合成标记","Batch A InformationRequest.synthetic; SRC-013 Final v1.0 §7; synthetic / reviewed_for_demo only.","""See additive schema; no bank enum inferred"""
"InformationRequest","validation_status","informationRequests.validation_status","""string""","When this Batch A object / action is present","false","SRC-013 §7","SYNTHETIC-DEMO / DESIGN-HYPOTHESIS","Demo role; bank owner unconfirmed","Controlled action or fixture only","Action guards + draft schema; no bank rule inferred","Material action creates revision / retained prior session","SRC-010:DEP-02;SRC-010:DEP-05","Parties / Authority / Tasks / Activity / Print","synthetic-restricted","""reviewed_for_demo""","validation status","validation status","验证状态","Batch A InformationRequest.validation_status; SRC-013 Final v1.0 §7; synthetic / reviewed_for_demo only.","""See additive schema; no bank enum inferred"""
"InformationRequest","value_status","informationRequests.value_status","""string""","When this Batch A object / action is present","false","SRC-013 §7","SYNTHETIC-DEMO / DESIGN-HYPOTHESIS","Demo role; bank owner unconfirmed","Controlled action or fixture only","Action guards + draft schema; no bank rule inferred","Material action creates revision / retained prior session","SRC-010:DEP-02;SRC-010:DEP-05","Parties / Authority / Tasks / Activity / Print","synthetic-restricted","""reported""","value status","value status","值状态","Batch A InformationRequest.value_status; SRC-013 Final v1.0 §7; synthetic / reviewed_for_demo only.","""See additive schema; no bank enum inferred"""
"InformationRequest","provenance_refs","informationRequests.provenance_refs","""array""","When this Batch A object / action is present","false","SRC-013 §7","SYNTHETIC-DEMO / DESIGN-HYPOTHESIS","Demo role; bank owner unconfirmed","Controlled action or fixture only","Action guards + draft schema; no bank rule inferred","Material action creates revision / retained prior session","SRC-010:DEP-02;SRC-010:DEP-05","Parties / Authority / Tasks / Activity / Print","synthetic-restricted","[""SRC-013""]","provenance refs","provenance refs","出处引用","Batch A InformationRequest.provenance_refs; SRC-013 Final v1.0 §7; synthetic / reviewed_for_demo only.","""See additive schema; no bank enum inferred"""
"InformationRequest","owner_role","informationRequests.owner_role","""string""","When this Batch A object / action is present","false","SRC-013 §7","SYNTHETIC-DEMO / DESIGN-HYPOTHESIS","Demo role; bank owner unconfirmed","Controlled action or fixture only","Action guards + draft schema; no bank rule inferred","Material action creates revision / retained prior session","SRC-010:DEP-02;SRC-010:DEP-05","Parties / Authority / Tasks / Activity / Print","synthetic-restricted","""ROLE-KYCOPS""","owner role","owner role","owner_role","Batch A InformationRequest.owner_role; SRC-013 Final v1.0 §7; synthetic / reviewed_for_demo only.","""See additive schema; no bank enum inferred"""
"InformationRequest","validation_owner","informationRequests.validation_owner","""string""","When this Batch A object / action is present","false","SRC-013 §7","SYNTHETIC-DEMO / DESIGN-HYPOTHESIS","Demo role; bank owner unconfirmed","Controlled action or fixture only","Action guards + draft schema; no bank rule inferred","Material action creates revision / retained prior session","SRC-010:DEP-02;SRC-010:DEP-05","Parties / Authority / Tasks / Activity / Print","synthetic-restricted","""Christina""","validation owner","validation owner","validation_owner","Batch A InformationRequest.validation_owner; SRC-013 Final v1.0 §7; synthetic / reviewed_for_demo only.","""See additive schema; no bank enum inferred"""
"InformationRequest","authority_status","informationRequests.authority_status","""string""","When this Batch A object / action is present","false","SRC-013 §7","SYNTHETIC-DEMO / DESIGN-HYPOTHESIS","Demo role; bank owner unconfirmed","Controlled action or fixture only","Action guards + draft schema; no bank rule inferred","Material action creates revision / retained prior session","SRC-010:DEP-02;SRC-010:DEP-05","Parties / Authority / Tasks / Activity / Print","synthetic-restricted","""unknown""","authority status","authority status","authority_status","Batch A InformationRequest.authority_status; SRC-013 Final v1.0 §7; synthetic / reviewed_for_demo only.","""See additive schema; no bank enum inferred"""
"InformationRequest","sensitivity","informationRequests.sensitivity","""string""","When this Batch A object / action is present","false","SRC-013 §7","SYNTHETIC-DEMO / DESIGN-HYPOTHESIS","Demo role; bank owner unconfirmed","Controlled action or fixture only","Action guards + draft schema; no bank rule inferred","Material action creates revision / retained prior session","SRC-010:DEP-02;SRC-010:DEP-05","Parties / Authority / Tasks / Activity / Print","synthetic-restricted","""synthetic-restricted""","sensitivity","sensitivity","sensitivity","Batch A InformationRequest.sensitivity; SRC-013 Final v1.0 §7; synthetic / reviewed_for_demo only.","""See additive schema; no bank enum inferred"""
"InformationRequest","created_at","informationRequests.created_at","""string""","When this Batch A object / action is present","false","SRC-013 §7","SYNTHETIC-DEMO / DESIGN-HYPOTHESIS","Demo role; bank owner unconfirmed","Controlled action or fixture only","Action guards + draft schema; no bank rule inferred","Material action creates revision / retained prior session","SRC-010:DEP-02;SRC-010:DEP-05","Parties / Authority / Tasks / Activity / Print","synthetic-restricted","""2026-09-07T08:00:00Z""","created at","created at","created_at","Batch A InformationRequest.created_at; SRC-013 Final v1.0 §7; synthetic / reviewed_for_demo only.","""See additive schema; no bank enum inferred"""
"InformationRequest","updated_at","informationRequests.updated_at","""string""","When this Batch A object / action is present","false","SRC-013 §7","SYNTHETIC-DEMO / DESIGN-HYPOTHESIS","Demo role; bank owner unconfirmed","Controlled action or fixture only","Action guards + draft schema; no bank rule inferred","Material action creates revision / retained prior session","SRC-010:DEP-02;SRC-010:DEP-05","Parties / Authority / Tasks / Activity / Print","synthetic-restricted","""2026-09-07T08:00:00Z""","updated at","updated at","updated_at","Batch A InformationRequest.updated_at; SRC-013 Final v1.0 §7; synthetic / reviewed_for_demo only.","""See additive schema; no bank enum inferred"""
"InformationRequest","as_of","informationRequests.as_of","""string""","When this Batch A object / action is present","false","SRC-013 §7","SYNTHETIC-DEMO / DESIGN-HYPOTHESIS","Demo role; bank owner unconfirmed","Controlled action or fixture only","Action guards + draft schema; no bank rule inferred","Material action creates revision / retained prior session","SRC-010:DEP-02;SRC-010:DEP-05","Parties / Authority / Tasks / Activity / Print","synthetic-restricted","""2026-09-07T08:00:00Z""","as of","as of","as_of","Batch A InformationRequest.as_of; SRC-013 Final v1.0 §7; synthetic / reviewed_for_demo only.","""See additive schema; no bank enum inferred"""
"InformationRequest","question_ref","informationRequests.question_ref","""string""","When this Batch A object / action is present","false","SRC-013 §7","SYNTHETIC-DEMO / DESIGN-HYPOTHESIS","Demo role; bank owner unconfirmed","Controlled action or fixture only","Action guards + draft schema; no bank rule inferred","Material action creates revision / retained prior session","SRC-010:DEP-02;SRC-010:DEP-05","Parties / Authority / Tasks / Activity / Print","synthetic-restricted","""D2-A-Q-AUTHORITY""","question ref","question ref","question_ref","Batch A InformationRequest.question_ref; SRC-013 Final v1.0 §7; synthetic / reviewed_for_demo only.","""See additive schema; no bank enum inferred"""
"InformationRequest","audit_event_refs","informationRequests.audit_event_refs","""array""","When this Batch A object / action is present","false","SRC-013 §7","SYNTHETIC-DEMO / DESIGN-HYPOTHESIS","Demo role; bank owner unconfirmed","Controlled action or fixture only","Action guards + draft schema; no bank rule inferred","Material action creates revision / retained prior session","SRC-010:DEP-02;SRC-010:DEP-05","Parties / Authority / Tasks / Activity / Print","synthetic-restricted","[]","audit event refs","audit event refs","audit_event_refs","Batch A InformationRequest.audit_event_refs; SRC-013 Final v1.0 §7; synthetic / reviewed_for_demo only.","""See additive schema; no bank enum inferred"""
"InformationRequest","task_ref","informationRequests.task_ref","""string""","When this Batch A object / action is present","false","SRC-013 §7","SYNTHETIC-DEMO / DESIGN-HYPOTHESIS","Demo role; bank owner unconfirmed","Controlled action or fixture only","Action guards + draft schema; no bank rule inferred","Material action creates revision / retained prior session","SRC-010:DEP-02;SRC-010:DEP-05","Parties / Authority / Tasks / Activity / Print","synthetic-restricted","""DEMO-CTT-001/work/authority_gap""","task ref","task ref","task_ref","Batch A InformationRequest.task_ref; SRC-013 Final v1.0 §7; synthetic / reviewed_for_demo only.","""See additive schema; no bank enum inferred"""
"InformationRequest","principal_entity_id","informationRequests.principal_entity_id","""string""","When this Batch A object / action is present","false","SRC-013 §7","SYNTHETIC-DEMO / DESIGN-HYPOTHESIS","Demo role; bank owner unconfirmed","Controlled action or fixture only","Action guards + draft schema; no bank rule inferred","Material action creates revision / retained prior session","SRC-010:DEP-02;SRC-010:DEP-05","Parties / Authority / Tasks / Activity / Print","synthetic-restricted","""DEMO-CTT-001/entity/harbour""","principal entity id","principal entity id","被代表主体","Batch A InformationRequest.principal_entity_id; SRC-013 Final v1.0 §7; synthetic / reviewed_for_demo only.","""See additive schema; no bank enum inferred"""
"InformationRequest","purpose_code","informationRequests.purpose_code","""string""","When this Batch A object / action is present","false","SRC-013 §7","SYNTHETIC-DEMO / DESIGN-HYPOTHESIS","Demo role; bank owner unconfirmed","Controlled action or fixture only","Action guards + draft schema; no bank rule inferred","Material action creates revision / retained prior session","SRC-010:DEP-02;SRC-010:DEP-05","Parties / Authority / Tasks / Activity / Print","synthetic-restricted","""coordinate_information""","purpose code","purpose code","purpose_code","Batch A InformationRequest.purpose_code; SRC-013 Final v1.0 §7; synthetic / reviewed_for_demo only.","""See additive schema; no bank enum inferred"""
"InformationRequest","gap_key","informationRequests.gap_key","""string""","When this Batch A object / action is present","false","SRC-013 §7","SYNTHETIC-DEMO / DESIGN-HYPOTHESIS","Demo role; bank owner unconfirmed","Controlled action or fixture only","Action guards + draft schema; no bank rule inferred","Material action creates revision / retained prior session","SRC-010:DEP-02;SRC-010:DEP-05","Parties / Authority / Tasks / Activity / Print","synthetic-restricted","""DEMO-CTT-001/scope/institutional:DEMO-CTT-001/entity/harbour:coordinate_information:authority_gap""","gap key","gap key","gap_key","Batch A InformationRequest.gap_key; SRC-013 Final v1.0 §7; synthetic / reviewed_for_demo only.","""See additive schema; no bank enum inferred"""
"InformationRequest","status","informationRequests.status","""string""","When this Batch A object / action is present","false","SRC-013 §7","SYNTHETIC-DEMO / DESIGN-HYPOTHESIS","Demo role; bank owner unconfirmed","Controlled action or fixture only","Action guards + draft schema; no bank rule inferred","Material action creates revision / retained prior session","SRC-010:DEP-02;SRC-010:DEP-05","Parties / Authority / Tasks / Activity / Print","synthetic-restricted","""draft""","status","status","status","Batch A InformationRequest.status; SRC-013 Final v1.0 §7; synthetic / reviewed_for_demo only.","""See additive schema; no bank enum inferred"""
"InformationRequest","recipient_ref","informationRequests.recipient_ref","[""string"",""null""]","When this Batch A object / action is present","true","SRC-013 §7","SYNTHETIC-DEMO / DESIGN-HYPOTHESIS","Demo role; bank owner unconfirmed","Controlled action or fixture only","Action guards + draft schema; no bank rule inferred","Material action creates revision / retained prior session","SRC-010:DEP-02;SRC-010:DEP-05","Parties / Authority / Tasks / Activity / Print","synthetic-restricted","null","recipient ref","recipient ref","recipient_ref","Batch A InformationRequest.recipient_ref; SRC-013 Final v1.0 §7; synthetic / reviewed_for_demo only.","""See additive schema; no bank enum inferred"""
"InformationRequest","disclosure_permission_ref","informationRequests.disclosure_permission_ref","[""string"",""null""]","When this Batch A object / action is present","true","SRC-013 §7","SYNTHETIC-DEMO / DESIGN-HYPOTHESIS","Demo role; bank owner unconfirmed","Controlled action or fixture only","Action guards + draft schema; no bank rule inferred","Material action creates revision / retained prior session","SRC-010:DEP-02;SRC-010:DEP-05","Parties / Authority / Tasks / Activity / Print","synthetic-restricted","null","disclosure permission ref","disclosure permission ref","disclosure_permission_ref","Batch A InformationRequest.disclosure_permission_ref; SRC-013 Final v1.0 §7; synthetic / reviewed_for_demo only.","""See additive schema; no bank enum inferred"""
"InformationRequest","send_permission_ref","informationRequests.send_permission_ref","[""string"",""null""]","When this Batch A object / action is present","true","SRC-013 §7","SYNTHETIC-DEMO / DESIGN-HYPOTHESIS","Demo role; bank owner unconfirmed","Controlled action or fixture only","Action guards + draft schema; no bank rule inferred","Material action creates revision / retained prior session","SRC-010:DEP-02;SRC-010:DEP-05","Parties / Authority / Tasks / Activity / Print","synthetic-restricted","null","send permission ref","send permission ref","send_permission_ref","Batch A InformationRequest.send_permission_ref; SRC-013 Final v1.0 §7; synthetic / reviewed_for_demo only.","""See additive schema; no bank enum inferred"""
"InformationRequest","sent_at","informationRequests.sent_at","[""string"",""null""]","When this Batch A object / action is present","true","SRC-013 §7","SYNTHETIC-DEMO / DESIGN-HYPOTHESIS","Demo role; bank owner unconfirmed","Controlled action or fixture only","Action guards + draft schema; no bank rule inferred","Material action creates revision / retained prior session","SRC-010:DEP-02;SRC-010:DEP-05","Parties / Authority / Tasks / Activity / Print","synthetic-restricted","null","sent at","sent at","sent_at","Batch A InformationRequest.sent_at; SRC-013 Final v1.0 §7; synthetic / reviewed_for_demo only.","""See additive schema; no bank enum inferred"""
"InformationRequest","reason","informationRequests.reason","""string""","When this Batch A object / action is present","false","SRC-013 §7","SYNTHETIC-DEMO / DESIGN-HYPOTHESIS","Demo role; bank owner unconfirmed","Controlled action or fixture only","Action guards + draft schema; no bank rule inferred","Material action creates revision / retained prior session","SRC-010:DEP-02;SRC-010:DEP-05","Parties / Authority / Tasks / Activity / Print","synthetic-restricted","""Reviewed synthetic Batch A example; no bank authority inferred.""","reason","reason","reason","Batch A InformationRequest.reason; SRC-013 Final v1.0 §7; synthetic / reviewed_for_demo only.","""See additive schema; no bank enum inferred"""
