"object_name","field_name","label_zh","label_en_au","label_en_us","type","required_when","nullable","enum_or_format","definition","source_or_derivation","source_ref","owner_role","editable_by","validation_rule","revision_rule","dependency_refs","ui_binding","sensitivity","evidence_status","synthetic_example"
"Case","id","稳定编号","id","id","string","Always present on each object record","false","","Stable synthetic local identifier.","IA §7.2/7.3/7.4 and D2 §8 seeds; field-level implementation is proposed","SRC-009:7|SRC-010:8","ROLE-CASEMGR","State reducer after configured demo action","JSON type + enum/conditional constraints; no empty strings for unknown","Increment material revision; retain prior assessment/decision/event; new snapshots immutable","See source-scoped dependency records","Case.id; exposed where relevant in Scenario/Product/Assurance","synthetic-restricted","DESIGN-HYPOTHESIS","""DEMO-CTT-001"""
"Case","case_id","案件","case id","case id","string","Always present on each object record","false","ref:Case","Reference to Case.","IA §7.2/7.3/7.4 and D2 §8 seeds; field-level implementation is proposed","SRC-009:7|SRC-010:8","ROLE-CASEMGR","State reducer after configured demo action","Must resolve Case and same case/scope; explicit revision where used","Increment material revision; retain prior assessment/decision/event; new snapshots immutable","See source-scoped dependency records","Case.case_id; exposed where relevant in Scenario/Product/Assurance","synthetic-restricted","DESIGN-HYPOTHESIS","""DEMO-CTT-001"""
"Case","case_scope_id","案件范围","case scope id","case scope id","string","Always present on each object record","false","ref:Scope","Reference to Scope.","IA §7.2/7.3/7.4 and D2 §8 seeds; field-level implementation is proposed","SRC-009:7|SRC-010:8","ROLE-CASEMGR","State reducer after configured demo action","Must resolve Scope and same case/scope; explicit revision where used","Increment material revision; retain prior assessment/decision/event; new snapshots immutable","See source-scoped dependency records","Case.case_scope_id; exposed where relevant in Scenario/Product/Assurance","synthetic-restricted","DESIGN-HYPOTHESIS","""DEMO-CTT-001/scope/institutional"""
"Case","revision","版本","revision","revision","integer","Always present on each object record","false","","版本; increment for material revisions.","IA §7.2/7.3/7.4 and D2 §8 seeds; field-level implementation is proposed","SRC-009:7|SRC-010:8","ROLE-CASEMGR","State reducer after configured demo action","JSON type + enum/conditional constraints; no empty strings for unknown","Increment material revision; retain prior assessment/decision/event; new snapshots immutable","See source-scoped dependency records","Case.revision; exposed where relevant in Scenario/Product/Assurance","synthetic-restricted","DESIGN-HYPOTHESIS","1"
"Case","supersedes_ref","前版本","supersedes ref","supersedes ref","string|null","Always present on each object record","true","ref:Any","Previous immutable record reference, null for first revision.","IA §7.2/7.3/7.4 and D2 §8 seeds; field-level implementation is proposed","SRC-009:7|SRC-010:8","ROLE-CASEMGR","State reducer after configured demo action","Must resolve Any and same case/scope; explicit revision where used","Increment material revision; retain prior assessment/decision/event; new snapshots immutable","See source-scoped dependency records","Case.supersedes_ref; exposed where relevant in Scenario/Product/Assurance","synthetic-restricted","DESIGN-HYPOTHESIS","null"
"Case","source_refs","设计依据","source refs","source refs","array","Always present on each object record","false","","Registered design sources; distinct from synthetic evidence provenance.","IA §7.2/7.3/7.4 and D2 §8 seeds; field-level implementation is proposed","SRC-009:7|SRC-010:8","ROLE-CASEMGR","State reducer after configured demo action","JSON type + enum/conditional constraints; no empty strings for unknown","Increment material revision; retain prior assessment/decision/event; new snapshots immutable","See source-scoped dependency records","Case.source_refs; exposed where relevant in Scenario/Product/Assurance","synthetic-restricted","DESIGN-HYPOTHESIS","[""SRC-009"",""SRC-010""]"
"Case","source_status","来源状态","source status","source status","string","Always present on each object record","false","USER-CONFIRMED|SOURCE-SUPPORTED|INDUSTRY-REFERENCE|DESIGN-HYPOTHESIS|SYNTHETIC|OPEN|SUPERSEDED","Explicit 来源状态 independent of other object states.","IA §7.2/7.3/7.4 and D2 §8 seeds; field-level implementation is proposed","SRC-009:7|SRC-010:8","ROLE-CASEMGR","State reducer after configured demo action","JSON type + enum/conditional constraints; no empty strings for unknown","Increment material revision; retain prior assessment/decision/event; new snapshots immutable","See source-scoped dependency records","Case.source_status; exposed where relevant in Scenario/Product/Assurance","synthetic-restricted","DESIGN-HYPOTHESIS","""SYNTHETIC"""
"Case","simulation_flag","合成标记","simulation flag","simulation flag","boolean","Always present on each object record","false","","Always true for Round A business records.","IA §7.2/7.3/7.4 and D2 §8 seeds; field-level implementation is proposed","SRC-009:7|SRC-010:8","ROLE-CASEMGR","State reducer after configured demo action","JSON type + enum/conditional constraints; no empty strings for unknown","Increment material revision; retain prior assessment/decision/event; new snapshots immutable","See source-scoped dependency records","Case.simulation_flag; exposed where relevant in Scenario/Product/Assurance","synthetic-restricted","DESIGN-HYPOTHESIS","true"
"Case","owner_role","责任角色","owner role","owner role","string","Always present on each object record","false","","Synthetic role assignment, not bank delegation.","IA §7.2/7.3/7.4 and D2 §8 seeds; field-level implementation is proposed","SRC-009:7|SRC-010:8","ROLE-CASEMGR","State reducer after configured demo action","JSON type + enum/conditional constraints; no empty strings for unknown","Increment material revision; retain prior assessment/decision/event; new snapshots immutable","See source-scoped dependency records","Case.owner_role; exposed where relevant in Scenario/Product/Assurance","synthetic-restricted","DESIGN-HYPOTHESIS","""ROLE-CASEMGR"""
"Case","validation_owner","验证负责人","validation owner","validation owner","string","Always present on each object record","false","","Working review owner.","IA §7.2/7.3/7.4 and D2 §8 seeds; field-level implementation is proposed","SRC-009:7|SRC-010:8","ROLE-CASEMGR","State reducer after configured demo action","JSON type + enum/conditional constraints; no empty strings for unknown","Increment material revision; retain prior assessment/decision/event; new snapshots immutable","See source-scoped dependency records","Case.validation_owner; exposed where relevant in Scenario/Product/Assurance","synthetic-restricted","DESIGN-HYPOTHESIS","""Christina"""
"Case","authority_status","权限状态","authority status","authority status","string","Always present on each object record","false","demo_configured|unknown|not_applicable","Explicit 权限状态 independent of other object states.","IA §7.2/7.3/7.4 and D2 §8 seeds; field-level implementation is proposed","SRC-009:7|SRC-010:8","ROLE-CASEMGR","State reducer after configured demo action","JSON type + enum/conditional constraints; no empty strings for unknown","Increment material revision; retain prior assessment/decision/event; new snapshots immutable","See source-scoped dependency records","Case.authority_status; exposed where relevant in Scenario/Product/Assurance","synthetic-restricted","DESIGN-HYPOTHESIS","""unknown"""
"Case","sensitivity","敏感等级","sensitivity","sensitivity","string","Always present on each object record","false","synthetic-restricted","Explicit 敏感等级 independent of other object states.","IA §7.2/7.3/7.4 and D2 §8 seeds; field-level implementation is proposed","SRC-009:7|SRC-010:8","ROLE-CASEMGR","State reducer after configured demo action","JSON type + enum/conditional constraints; no empty strings for unknown","Increment material revision; retain prior assessment/decision/event; new snapshots immutable","See source-scoped dependency records","Case.sensitivity; exposed where relevant in Scenario/Product/Assurance","synthetic-restricted","DESIGN-HYPOTHESIS","""synthetic-restricted"""
"Case","created_at","创建时间","created at","created at","string","Always present on each object record","false","date-time","UTC timestamp for authored synthetic data.","IA §7.2/7.3/7.4 and D2 §8 seeds; field-level implementation is proposed","SRC-009:7|SRC-010:8","ROLE-CASEMGR","State reducer after configured demo action","JSON type + enum/conditional constraints; no empty strings for unknown","Increment material revision; retain prior assessment/decision/event; new snapshots immutable","See source-scoped dependency records","Case.created_at; exposed where relevant in Scenario/Product/Assurance","synthetic-restricted","DESIGN-HYPOTHESIS","""2026-09-07T00:00:00Z"""
"Case","updated_at","更新时间","updated at","updated at","string","Always present on each object record","false","date-time","UTC timestamp; display locale never changes the value.","IA §7.2/7.3/7.4 and D2 §8 seeds; field-level implementation is proposed","SRC-009:7|SRC-010:8","ROLE-CASEMGR","State reducer after configured demo action","JSON type + enum/conditional constraints; no empty strings for unknown","Increment material revision; retain prior assessment/decision/event; new snapshots immutable","See source-scoped dependency records","Case.updated_at; exposed where relevant in Scenario/Product/Assurance","synthetic-restricted","DESIGN-HYPOTHESIS","""2026-09-07T00:00:00Z"""
"Case","as_of","资料时点","as of","as of","string","Always present on each object record","false","date-time","UTC currency of this authored record.","IA §7.2/7.3/7.4 and D2 §8 seeds; field-level implementation is proposed","SRC-009:7|SRC-010:8","ROLE-CASEMGR","State reducer after configured demo action","JSON type + enum/conditional constraints; no empty strings for unknown","Increment material revision; retain prior assessment/decision/event; new snapshots immutable","See source-scoped dependency records","Case.as_of; exposed where relevant in Scenario/Product/Assurance","synthetic-restricted","DESIGN-HYPOTHESIS","""2026-09-07T00:00:00Z"""
"Case","question_ref","待确认问题","question ref","question ref","string|null","Non-null when policy/applicability/authority unknown; all keys present","true","","Required when bank authority or policy is unknown.","IA §7.2/7.3/7.4 and D2 §8 seeds; field-level implementation is proposed","SRC-009:7|SRC-010:8","ROLE-CASEMGR","State reducer after configured demo action","JSON type + enum/conditional constraints; no empty strings for unknown","Increment material revision; retain prior assessment/decision/event; new snapshots immutable","See source-scoped dependency records","Case.question_ref; exposed where relevant in Scenario/Product/Assurance","synthetic-restricted","DESIGN-HYPOTHESIS","""ROUND-A-Q-AUTHORITY"""
"Case","audit_event_refs","审计事件","audit event refs","audit event refs","array","Always present on each object record","false","ref:AuditEvent","References to AuditEvent.","IA §7.2/7.3/7.4 and D2 §8 seeds; field-level implementation is proposed","SRC-009:7|SRC-010:8","ROLE-CASEMGR","State reducer after configured demo action","Must resolve AuditEvent and same case/scope; explicit revision where used","Increment material revision; retain prior assessment/decision/event; new snapshots immutable","See source-scoped dependency records","Case.audit_event_refs; exposed where relevant in Scenario/Product/Assurance","synthetic-restricted","DESIGN-HYPOTHESIS","[]"
"Case","trigger_id","触发","trigger id","trigger id","string","Always present on each object record","false","","Authored new_relationship trigger.","IA §7.2/7.3/7.4 and D2 §8 seeds; field-level implementation is proposed","SRC-009:7|SRC-010:8","ROLE-CASEMGR","State reducer after configured demo action","JSON type + enum/conditional constraints; no empty strings for unknown","Increment material revision; retain prior assessment/decision/event; new snapshots immutable","See source-scoped dependency records","Case.trigger_id; exposed where relevant in Scenario/Product/Assurance","synthetic-restricted","DESIGN-HYPOTHESIS","""new_relationship"""
"Case","lifecycle","生命周期","lifecycle","lifecycle","string","Always present on each object record","false","active|closed","Explicit 生命周期 independent of other object states.","IA §7.2/7.3/7.4 and D2 §8 seeds; field-level implementation is proposed","SRC-009:7|SRC-010:8","ROLE-CASEMGR","State reducer after configured demo action","JSON type + enum/conditional constraints; no empty strings for unknown","Increment material revision; retain prior assessment/decision/event; new snapshots immutable","See source-scoped dependency records","Case.lifecycle; exposed where relevant in Scenario/Product/Assurance","synthetic-restricted","DESIGN-HYPOTHESIS","""active"""
"Case","publication_status","发布状态","publication status","publication status","string","Always present on each object record","false","not_requested|pending|published|failed","Explicit 发布状态 independent of other object states.","IA §7.2/7.3/7.4 and D2 §8 seeds; field-level implementation is proposed","SRC-009:7|SRC-010:8","ROLE-CASEMGR","State reducer after configured demo action","JSON type + enum/conditional constraints; no empty strings for unknown","Increment material revision; retain prior assessment/decision/event; new snapshots immutable","See source-scoped dependency records","Case.publication_status; exposed where relevant in Scenario/Product/Assurance","synthetic-restricted","DESIGN-HYPOTHESIS","""not_requested"""
"Case","transaction_status","交易状态","transaction status","transaction status","string","Always present on each object record","false","out_of_scope","Explicit 交易状态 independent of other object states.","IA §7.2/7.3/7.4 and D2 §8 seeds; field-level implementation is proposed","SRC-009:7|SRC-010:8","ROLE-CASEMGR","State reducer after configured demo action","JSON type + enum/conditional constraints; no empty strings for unknown","Increment material revision; retain prior assessment/decision/event; new snapshots immutable","See source-scoped dependency records","Case.transaction_status; exposed where relevant in Scenario/Product/Assurance","synthetic-restricted","DESIGN-HYPOTHESIS","""out_of_scope"""
"Scope","id","稳定编号","id","id","string","Always present on each object record","false","","Stable synthetic local identifier.","IA §7.2/7.3/7.4 and D2 §8 seeds; field-level implementation is proposed","SRC-009:7|SRC-010:8","ROLE-CASEMGR","State reducer after configured demo action","JSON type + enum/conditional constraints; no empty strings for unknown","Increment material revision; retain prior assessment/decision/event; new snapshots immutable","See source-scoped dependency records","Scope.id; exposed where relevant in Scenario/Product/Assurance","synthetic-restricted","DESIGN-HYPOTHESIS","""DEMO-CTT-001/scope/institutional"""
"Scope","case_id","案件","case id","case id","string","Always present on each object record","false","ref:Case","Reference to Case.","IA §7.2/7.3/7.4 and D2 §8 seeds; field-level implementation is proposed","SRC-009:7|SRC-010:8","ROLE-CASEMGR","State reducer after configured demo action","Must resolve Case and same case/scope; explicit revision where used","Increment material revision; retain prior assessment/decision/event; new snapshots immutable","See source-scoped dependency records","Scope.case_id; exposed where relevant in Scenario/Product/Assurance","synthetic-restricted","DESIGN-HYPOTHESIS","""DEMO-CTT-001"""
"Scope","case_scope_id","案件范围","case scope id","case scope id","string","Always present on each object record","false","ref:Scope","Reference to Scope.","IA §7.2/7.3/7.4 and D2 §8 seeds; field-level implementation is proposed","SRC-009:7|SRC-010:8","ROLE-CASEMGR","State reducer after configured demo action","Must resolve Scope and same case/scope; explicit revision where used","Increment material revision; retain prior assessment/decision/event; new snapshots immutable","See source-scoped dependency records","Scope.case_scope_id; exposed where relevant in Scenario/Product/Assurance","synthetic-restricted","DESIGN-HYPOTHESIS","""DEMO-CTT-001/scope/institutional"""
"Scope","revision","版本","revision","revision","integer","Always present on each object record","false","","版本; increment for material revisions.","IA §7.2/7.3/7.4 and D2 §8 seeds; field-level implementation is proposed","SRC-009:7|SRC-010:8","ROLE-CASEMGR","State reducer after configured demo action","JSON type + enum/conditional constraints; no empty strings for unknown","Increment material revision; retain prior assessment/decision/event; new snapshots immutable","See source-scoped dependency records","Scope.revision; exposed where relevant in Scenario/Product/Assurance","synthetic-restricted","DESIGN-HYPOTHESIS","1"
"Scope","supersedes_ref","前版本","supersedes ref","supersedes ref","string|null","Always present on each object record","true","ref:Any","Previous immutable record reference, null for first revision.","IA §7.2/7.3/7.4 and D2 §8 seeds; field-level implementation is proposed","SRC-009:7|SRC-010:8","ROLE-CASEMGR","State reducer after configured demo action","Must resolve Any and same case/scope; explicit revision where used","Increment material revision; retain prior assessment/decision/event; new snapshots immutable","See source-scoped dependency records","Scope.supersedes_ref; exposed where relevant in Scenario/Product/Assurance","synthetic-restricted","DESIGN-HYPOTHESIS","null"
"Scope","source_refs","设计依据","source refs","source refs","array","Always present on each object record","false","","Registered design sources; distinct from synthetic evidence provenance.","IA §7.2/7.3/7.4 and D2 §8 seeds; field-level implementation is proposed","SRC-009:7|SRC-010:8","ROLE-CASEMGR","State reducer after configured demo action","JSON type + enum/conditional constraints; no empty strings for unknown","Increment material revision; retain prior assessment/decision/event; new snapshots immutable","See source-scoped dependency records","Scope.source_refs; exposed where relevant in Scenario/Product/Assurance","synthetic-restricted","DESIGN-HYPOTHESIS","[""SRC-009"",""SRC-010""]"
"Scope","source_status","来源状态","source status","source status","string","Always present on each object record","false","USER-CONFIRMED|SOURCE-SUPPORTED|INDUSTRY-REFERENCE|DESIGN-HYPOTHESIS|SYNTHETIC|OPEN|SUPERSEDED","Explicit 来源状态 independent of other object states.","IA §7.2/7.3/7.4 and D2 §8 seeds; field-level implementation is proposed","SRC-009:7|SRC-010:8","ROLE-CASEMGR","State reducer after configured demo action","JSON type + enum/conditional constraints; no empty strings for unknown","Increment material revision; retain prior assessment/decision/event; new snapshots immutable","See source-scoped dependency records","Scope.source_status; exposed where relevant in Scenario/Product/Assurance","synthetic-restricted","DESIGN-HYPOTHESIS","""SYNTHETIC"""
"Scope","simulation_flag","合成标记","simulation flag","simulation flag","boolean","Always present on each object record","false","","Always true for Round A business records.","IA §7.2/7.3/7.4 and D2 §8 seeds; field-level implementation is proposed","SRC-009:7|SRC-010:8","ROLE-CASEMGR","State reducer after configured demo action","JSON type + enum/conditional constraints; no empty strings for unknown","Increment material revision; retain prior assessment/decision/event; new snapshots immutable","See source-scoped dependency records","Scope.simulation_flag; exposed where relevant in Scenario/Product/Assurance","synthetic-restricted","DESIGN-HYPOTHESIS","true"
"Scope","owner_role","责任角色","owner role","owner role","string","Always present on each object record","false","","Synthetic role assignment, not bank delegation.","IA §7.2/7.3/7.4 and D2 §8 seeds; field-level implementation is proposed","SRC-009:7|SRC-010:8","ROLE-CASEMGR","State reducer after configured demo action","JSON type + enum/conditional constraints; no empty strings for unknown","Increment material revision; retain prior assessment/decision/event; new snapshots immutable","See source-scoped dependency records","Scope.owner_role; exposed where relevant in Scenario/Product/Assurance","synthetic-restricted","DESIGN-HYPOTHESIS","""ROLE-CASEMGR"""
"Scope","validation_owner","验证负责人","validation owner","validation owner","string","Always present on each object record","false","","Working review owner.","IA §7.2/7.3/7.4 and D2 §8 seeds; field-level implementation is proposed","SRC-009:7|SRC-010:8","ROLE-CASEMGR","State reducer after configured demo action","JSON type + enum/conditional constraints; no empty strings for unknown","Increment material revision; retain prior assessment/decision/event; new snapshots immutable","See source-scoped dependency records","Scope.validation_owner; exposed where relevant in Scenario/Product/Assurance","synthetic-restricted","DESIGN-HYPOTHESIS","""Christina"""
"Scope","authority_status","权限状态","authority status","authority status","string","Always present on each object record","false","demo_configured|unknown|not_applicable","Explicit 权限状态 independent of other object states.","IA §7.2/7.3/7.4 and D2 §8 seeds; field-level implementation is proposed","SRC-009:7|SRC-010:8","ROLE-CASEMGR","State reducer after configured demo action","JSON type + enum/conditional constraints; no empty strings for unknown","Increment material revision; retain prior assessment/decision/event; new snapshots immutable","See source-scoped dependency records","Scope.authority_status; exposed where relevant in Scenario/Product/Assurance","synthetic-restricted","DESIGN-HYPOTHESIS","""unknown"""
"Scope","sensitivity","敏感等级","sensitivity","sensitivity","string","Always present on each object record","false","synthetic-restricted","Explicit 敏感等级 independent of other object states.","IA §7.2/7.3/7.4 and D2 §8 seeds; field-level implementation is proposed","SRC-009:7|SRC-010:8","ROLE-CASEMGR","State reducer after configured demo action","JSON type + enum/conditional constraints; no empty strings for unknown","Increment material revision; retain prior assessment/decision/event; new snapshots immutable","See source-scoped dependency records","Scope.sensitivity; exposed where relevant in Scenario/Product/Assurance","synthetic-restricted","DESIGN-HYPOTHESIS","""synthetic-restricted"""
"Scope","created_at","创建时间","created at","created at","string","Always present on each object record","false","date-time","UTC timestamp for authored synthetic data.","IA §7.2/7.3/7.4 and D2 §8 seeds; field-level implementation is proposed","SRC-009:7|SRC-010:8","ROLE-CASEMGR","State reducer after configured demo action","JSON type + enum/conditional constraints; no empty strings for unknown","Increment material revision; retain prior assessment/decision/event; new snapshots immutable","See source-scoped dependency records","Scope.created_at; exposed where relevant in Scenario/Product/Assurance","synthetic-restricted","DESIGN-HYPOTHESIS","""2026-09-07T00:00:00Z"""
"Scope","updated_at","更新时间","updated at","updated at","string","Always present on each object record","false","date-time","UTC timestamp; display locale never changes the value.","IA §7.2/7.3/7.4 and D2 §8 seeds; field-level implementation is proposed","SRC-009:7|SRC-010:8","ROLE-CASEMGR","State reducer after configured demo action","JSON type + enum/conditional constraints; no empty strings for unknown","Increment material revision; retain prior assessment/decision/event; new snapshots immutable","See source-scoped dependency records","Scope.updated_at; exposed where relevant in Scenario/Product/Assurance","synthetic-restricted","DESIGN-HYPOTHESIS","""2026-09-07T00:00:00Z"""
"Scope","as_of","资料时点","as of","as of","string","Always present on each object record","false","date-time","UTC currency of this authored record.","IA §7.2/7.3/7.4 and D2 §8 seeds; field-level implementation is proposed","SRC-009:7|SRC-010:8","ROLE-CASEMGR","State reducer after configured demo action","JSON type + enum/conditional constraints; no empty strings for unknown","Increment material revision; retain prior assessment/decision/event; new snapshots immutable","See source-scoped dependency records","Scope.as_of; exposed where relevant in Scenario/Product/Assurance","synthetic-restricted","DESIGN-HYPOTHESIS","""2026-09-07T00:00:00Z"""
"Scope","question_ref","待确认问题","question ref","question ref","string|null","Non-null when policy/applicability/authority unknown; all keys present","true","","Required when bank authority or policy is unknown.","IA §7.2/7.3/7.4 and D2 §8 seeds; field-level implementation is proposed","SRC-009:7|SRC-010:8","ROLE-CASEMGR","State reducer after configured demo action","JSON type + enum/conditional constraints; no empty strings for unknown","Increment material revision; retain prior assessment/decision/event; new snapshots immutable","See source-scoped dependency records","Scope.question_ref; exposed where relevant in Scenario/Product/Assurance","synthetic-restricted","DESIGN-HYPOTHESIS","""ROUND-A-Q-POLICY"""
"Scope","audit_event_refs","审计事件","audit event refs","audit event refs","array","Always present on each object record","false","ref:AuditEvent","References to AuditEvent.","IA §7.2/7.3/7.4 and D2 §8 seeds; field-level implementation is proposed","SRC-009:7|SRC-010:8","ROLE-CASEMGR","State reducer after configured demo action","Must resolve AuditEvent and same case/scope; explicit revision where used","Increment material revision; retain prior assessment/decision/event; new snapshots immutable","See source-scoped dependency records","Scope.audit_event_refs; exposed where relevant in Scenario/Product/Assurance","synthetic-restricted","DESIGN-HYPOTHESIS","[]"
"Scope","entity_ids","主体","entity ids","entity ids","array","Always present on each object record","false","ref:Entity","References to Entity.","IA §7.2/7.3/7.4 and D2 §8 seeds; field-level implementation is proposed","SRC-009:7|SRC-010:8","ROLE-CASEMGR","State reducer after configured demo action","Must resolve Entity and same case/scope; explicit revision where used","Increment material revision; retain prior assessment/decision/event; new snapshots immutable","See source-scoped dependency records","Scope.entity_ids; exposed where relevant in Scenario/Product/Assurance","synthetic-restricted","DESIGN-HYPOTHESIS","[""DEMO-CTT-001/entity/harbour""]"
"Scope","product_scope_ids","产品范围","product scope ids","product scope ids","array","Always present on each object record","false","","Synthetic product codes only.","IA §7.2/7.3/7.4 and D2 §8 seeds; field-level implementation is proposed","SRC-009:7|SRC-010:8","ROLE-CASEMGR","State reducer after configured demo action","JSON type + enum/conditional constraints; no empty strings for unknown","Increment material revision; retain prior assessment/decision/event; new snapshots immutable","See source-scoped dependency records","Scope.product_scope_ids; exposed where relevant in Scenario/Product/Assurance","synthetic-restricted","DESIGN-HYPOTHESIS","[""SYNTHETIC-INSTITUTIONAL-PRODUCT""]"
"Scope","booking_entity_ref","记账实体","booking entity ref","booking entity ref","string|null","Always present on each object record","true","","Bank booking entity unknown; no fictitious real bank identifier.","IA §7.2/7.3/7.4 and D2 §8 seeds; field-level implementation is proposed","SRC-009:7|SRC-010:8","ROLE-CASEMGR","State reducer after configured demo action","JSON type + enum/conditional constraints; no empty strings for unknown","Increment material revision; retain prior assessment/decision/event; new snapshots immutable","See source-scoped dependency records","Scope.booking_entity_ref; exposed where relevant in Scenario/Product/Assurance","synthetic-restricted","DESIGN-HYPOTHESIS","null"
"Scope","sales_location","销售地区","sales location","sales location","string","Always present on each object record","false","unknown|AU|US","Explicit 销售地区 independent of other object states.","IA §7.2/7.3/7.4 and D2 §8 seeds; field-level implementation is proposed","SRC-009:7|SRC-010:8","ROLE-CASEMGR","State reducer after configured demo action","JSON type + enum/conditional constraints; no empty strings for unknown","Increment material revision; retain prior assessment/decision/event; new snapshots immutable","See source-scoped dependency records","Scope.sales_location; exposed where relevant in Scenario/Product/Assurance","synthetic-restricted","DESIGN-HYPOTHESIS","""unknown"""
"Scope","jurisdiction_contexts","地区上下文","jurisdiction contexts","jurisdiction contexts","array","Always present on each object record","false","","Context separate from locale and policy.","IA §7.2/7.3/7.4 and D2 §8 seeds; field-level implementation is proposed","SRC-009:7|SRC-010:8","ROLE-CASEMGR","State reducer after configured demo action","JSON type + enum/conditional constraints; no empty strings for unknown","Increment material revision; retain prior assessment/decision/event; new snapshots immutable","See source-scoped dependency records","Scope.jurisdiction_contexts; exposed where relevant in Scenario/Product/Assurance","synthetic-restricted","DESIGN-HYPOTHESIS","[""AU""]"
"Scope","policy_profile_ref","银行政策版本","policy profile ref","policy profile ref","string|null","Always present on each object record","true","","Unknown bank policy remains null.","IA §7.2/7.3/7.4 and D2 §8 seeds; field-level implementation is proposed","SRC-009:7|SRC-010:8","ROLE-CASEMGR","State reducer after configured demo action","JSON type + enum/conditional constraints; no empty strings for unknown","Increment material revision; retain prior assessment/decision/event; new snapshots immutable","See source-scoped dependency records","Scope.policy_profile_ref; exposed where relevant in Scenario/Product/Assurance","synthetic-restricted","DESIGN-HYPOTHESIS","null"
"Scope","scope_status","范围状态","scope status","scope status","string","Always present on each object record","false","draft|confirmed_for_demo|needs_clarification","Explicit 范围状态 independent of other object states.","IA §7.2/7.3/7.4 and D2 §8 seeds; field-level implementation is proposed","SRC-009:7|SRC-010:8","ROLE-CASEMGR","State reducer after configured demo action","JSON type + enum/conditional constraints; no empty strings for unknown","Increment material revision; retain prior assessment/decision/event; new snapshots immutable","See source-scoped dependency records","Scope.scope_status; exposed where relevant in Scenario/Product/Assurance","synthetic-restricted","DESIGN-HYPOTHESIS","""confirmed_for_demo"""
"Entity","id","稳定编号","id","id","string","Always present on each object record","false","","Stable synthetic local identifier.","IA §7.2/7.3/7.4 and D2 §8 seeds; field-level implementation is proposed","SRC-009:7|SRC-010:8","ROLE-KYCOPS","State reducer after configured demo action","JSON type + enum/conditional constraints; no empty strings for unknown","Increment material revision; retain prior assessment/decision/event; new snapshots immutable","See source-scoped dependency records","Entity.id; exposed where relevant in Scenario/Product/Assurance","synthetic-restricted","DESIGN-HYPOTHESIS","""DEMO-CTT-001/entity/harbour"""
"Entity","case_id","案件","case id","case id","string","Always present on each object record","false","ref:Case","Reference to Case.","IA §7.2/7.3/7.4 and D2 §8 seeds; field-level implementation is proposed","SRC-009:7|SRC-010:8","ROLE-KYCOPS","State reducer after configured demo action","Must resolve Case and same case/scope; explicit revision where used","Increment material revision; retain prior assessment/decision/event; new snapshots immutable","See source-scoped dependency records","Entity.case_id; exposed where relevant in Scenario/Product/Assurance","synthetic-restricted","DESIGN-HYPOTHESIS","""DEMO-CTT-001"""
"Entity","case_scope_id","案件范围","case scope id","case scope id","string","Always present on each object record","false","ref:Scope","Reference to Scope.","IA §7.2/7.3/7.4 and D2 §8 seeds; field-level implementation is proposed","SRC-009:7|SRC-010:8","ROLE-KYCOPS","State reducer after configured demo action","Must resolve Scope and same case/scope; explicit revision where used","Increment material revision; retain prior assessment/decision/event; new snapshots immutable","See source-scoped dependency records","Entity.case_scope_id; exposed where relevant in Scenario/Product/Assurance","synthetic-restricted","DESIGN-HYPOTHESIS","""DEMO-CTT-001/scope/institutional"""
"Entity","revision","版本","revision","revision","integer","Always present on each object record","false","","版本; increment for material revisions.","IA §7.2/7.3/7.4 and D2 §8 seeds; field-level implementation is proposed","SRC-009:7|SRC-010:8","ROLE-KYCOPS","State reducer after configured demo action","JSON type + enum/conditional constraints; no empty strings for unknown","Increment material revision; retain prior assessment/decision/event; new snapshots immutable","See source-scoped dependency records","Entity.revision; exposed where relevant in Scenario/Product/Assurance","synthetic-restricted","DESIGN-HYPOTHESIS","1"
"Entity","supersedes_ref","前版本","supersedes ref","supersedes ref","string|null","Always present on each object record","true","ref:Any","Previous immutable record reference, null for first revision.","IA §7.2/7.3/7.4 and D2 §8 seeds; field-level implementation is proposed","SRC-009:7|SRC-010:8","ROLE-KYCOPS","State reducer after configured demo action","Must resolve Any and same case/scope; explicit revision where used","Increment material revision; retain prior assessment/decision/event; new snapshots immutable","See source-scoped dependency records","Entity.supersedes_ref; exposed where relevant in Scenario/Product/Assurance","synthetic-restricted","DESIGN-HYPOTHESIS","null"
"Entity","source_refs","设计依据","source refs","source refs","array","Always present on each object record","false","","Registered design sources; distinct from synthetic evidence provenance.","IA §7.2/7.3/7.4 and D2 §8 seeds; field-level implementation is proposed","SRC-009:7|SRC-010:8","ROLE-KYCOPS","State reducer after configured demo action","JSON type + enum/conditional constraints; no empty strings for unknown","Increment material revision; retain prior assessment/decision/event; new snapshots immutable","See source-scoped dependency records","Entity.source_refs; exposed where relevant in Scenario/Product/Assurance","synthetic-restricted","DESIGN-HYPOTHESIS","[""SRC-009"",""SRC-010""]"
"Entity","source_status","来源状态","source status","source status","string","Always present on each object record","false","USER-CONFIRMED|SOURCE-SUPPORTED|INDUSTRY-REFERENCE|DESIGN-HYPOTHESIS|SYNTHETIC|OPEN|SUPERSEDED","Explicit 来源状态 independent of other object states.","IA §7.2/7.3/7.4 and D2 §8 seeds; field-level implementation is proposed","SRC-009:7|SRC-010:8","ROLE-KYCOPS","State reducer after configured demo action","JSON type + enum/conditional constraints; no empty strings for unknown","Increment material revision; retain prior assessment/decision/event; new snapshots immutable","See source-scoped dependency records","Entity.source_status; exposed where relevant in Scenario/Product/Assurance","synthetic-restricted","DESIGN-HYPOTHESIS","""SYNTHETIC"""
"Entity","simulation_flag","合成标记","simulation flag","simulation flag","boolean","Always present on each object record","false","","Always true for Round A business records.","IA §7.2/7.3/7.4 and D2 §8 seeds; field-level implementation is proposed","SRC-009:7|SRC-010:8","ROLE-KYCOPS","State reducer after configured demo action","JSON type + enum/conditional constraints; no empty strings for unknown","Increment material revision; retain prior assessment/decision/event; new snapshots immutable","See source-scoped dependency records","Entity.simulation_flag; exposed where relevant in Scenario/Product/Assurance","synthetic-restricted","DESIGN-HYPOTHESIS","true"
"Entity","owner_role","责任角色","owner role","owner role","string","Always present on each object record","false","","Synthetic role assignment, not bank delegation.","IA §7.2/7.3/7.4 and D2 §8 seeds; field-level implementation is proposed","SRC-009:7|SRC-010:8","ROLE-KYCOPS","State reducer after configured demo action","JSON type + enum/conditional constraints; no empty strings for unknown","Increment material revision; retain prior assessment/decision/event; new snapshots immutable","See source-scoped dependency records","Entity.owner_role; exposed where relevant in Scenario/Product/Assurance","synthetic-restricted","DESIGN-HYPOTHESIS","""ROLE-KYCOPS"""
"Entity","validation_owner","验证负责人","validation owner","validation owner","string","Always present on each object record","false","","Working review owner.","IA §7.2/7.3/7.4 and D2 §8 seeds; field-level implementation is proposed","SRC-009:7|SRC-010:8","ROLE-KYCOPS","State reducer after configured demo action","JSON type + enum/conditional constraints; no empty strings for unknown","Increment material revision; retain prior assessment/decision/event; new snapshots immutable","See source-scoped dependency records","Entity.validation_owner; exposed where relevant in Scenario/Product/Assurance","synthetic-restricted","DESIGN-HYPOTHESIS","""Christina"""
"Entity","authority_status","权限状态","authority status","authority status","string","Always present on each object record","false","demo_configured|unknown|not_applicable","Explicit 权限状态 independent of other object states.","IA §7.2/7.3/7.4 and D2 §8 seeds; field-level implementation is proposed","SRC-009:7|SRC-010:8","ROLE-KYCOPS","State reducer after configured demo action","JSON type + enum/conditional constraints; no empty strings for unknown","Increment material revision; retain prior assessment/decision/event; new snapshots immutable","See source-scoped dependency records","Entity.authority_status; exposed where relevant in Scenario/Product/Assurance","synthetic-restricted","DESIGN-HYPOTHESIS","""unknown"""
"Entity","sensitivity","敏感等级","sensitivity","sensitivity","string","Always present on each object record","false","synthetic-restricted","Explicit 敏感等级 independent of other object states.","IA §7.2/7.3/7.4 and D2 §8 seeds; field-level implementation is proposed","SRC-009:7|SRC-010:8","ROLE-KYCOPS","State reducer after configured demo action","JSON type + enum/conditional constraints; no empty strings for unknown","Increment material revision; retain prior assessment/decision/event; new snapshots immutable","See source-scoped dependency records","Entity.sensitivity; exposed where relevant in Scenario/Product/Assurance","synthetic-restricted","DESIGN-HYPOTHESIS","""synthetic-restricted"""
"Entity","created_at","创建时间","created at","created at","string","Always present on each object record","false","date-time","UTC timestamp for authored synthetic data.","IA §7.2/7.3/7.4 and D2 §8 seeds; field-level implementation is proposed","SRC-009:7|SRC-010:8","ROLE-KYCOPS","State reducer after configured demo action","JSON type + enum/conditional constraints; no empty strings for unknown","Increment material revision; retain prior assessment/decision/event; new snapshots immutable","See source-scoped dependency records","Entity.created_at; exposed where relevant in Scenario/Product/Assurance","synthetic-restricted","DESIGN-HYPOTHESIS","""2026-09-07T00:00:00Z"""
"Entity","updated_at","更新时间","updated at","updated at","string","Always present on each object record","false","date-time","UTC timestamp; display locale never changes the value.","IA §7.2/7.3/7.4 and D2 §8 seeds; field-level implementation is proposed","SRC-009:7|SRC-010:8","ROLE-KYCOPS","State reducer after configured demo action","JSON type + enum/conditional constraints; no empty strings for unknown","Increment material revision; retain prior assessment/decision/event; new snapshots immutable","See source-scoped dependency records","Entity.updated_at; exposed where relevant in Scenario/Product/Assurance","synthetic-restricted","DESIGN-HYPOTHESIS","""2026-09-07T00:00:00Z"""
"Entity","as_of","资料时点","as of","as of","string","Always present on each object record","false","date-time","UTC currency of this authored record.","IA §7.2/7.3/7.4 and D2 §8 seeds; field-level implementation is proposed","SRC-009:7|SRC-010:8","ROLE-KYCOPS","State reducer after configured demo action","JSON type + enum/conditional constraints; no empty strings for unknown","Increment material revision; retain prior assessment/decision/event; new snapshots immutable","See source-scoped dependency records","Entity.as_of; exposed where relevant in Scenario/Product/Assurance","synthetic-restricted","DESIGN-HYPOTHESIS","""2026-09-07T00:00:00Z"""
"Entity","question_ref","待确认问题","question ref","question ref","string|null","Non-null when policy/applicability/authority unknown; all keys present","true","","Required when bank authority or policy is unknown.","IA §7.2/7.3/7.4 and D2 §8 seeds; field-level implementation is proposed","SRC-009:7|SRC-010:8","ROLE-KYCOPS","State reducer after configured demo action","JSON type + enum/conditional constraints; no empty strings for unknown","Increment material revision; retain prior assessment/decision/event; new snapshots immutable","See source-scoped dependency records","Entity.question_ref; exposed where relevant in Scenario/Product/Assurance","synthetic-restricted","DESIGN-HYPOTHESIS","""ROUND-A-Q-AUTHORITY"""
"Entity","audit_event_refs","审计事件","audit event refs","audit event refs","array","Always present on each object record","false","ref:AuditEvent","References to AuditEvent.","IA §7.2/7.3/7.4 and D2 §8 seeds; field-level implementation is proposed","SRC-009:7|SRC-010:8","ROLE-KYCOPS","State reducer after configured demo action","Must resolve AuditEvent and same case/scope; explicit revision where used","Increment material revision; retain prior assessment/decision/event; new snapshots immutable","See source-scoped dependency records","Entity.audit_event_refs; exposed where relevant in Scenario/Product/Assurance","synthetic-restricted","DESIGN-HYPOTHESIS","[]"
"Entity","legal_name","法定名称","legal name","legal name","string","Always present on each object record","false","","Synthetic entity name.","IA §7.2/7.3/7.4 and D2 §8 seeds; field-level implementation is proposed","SRC-009:7|SRC-010:8","ROLE-KYCOPS","State reducer after configured demo action","JSON type + enum/conditional constraints; no empty strings for unknown","Increment material revision; retain prior assessment/decision/event; new snapshots immutable","See source-scoped dependency records","Entity.legal_name; exposed where relevant in Scenario/Product/Assurance","synthetic-restricted","DESIGN-HYPOTHESIS","""Harbour Institutional Holdings (Synthetic)"""
"Entity","entity_type","主体类型","entity type","entity type","string","Always present on each object record","false","synthetic_corporation","Explicit 主体类型 independent of other object states.","IA §7.2/7.3/7.4 and D2 §8 seeds; field-level implementation is proposed","SRC-009:7|SRC-010:8","ROLE-KYCOPS","State reducer after configured demo action","JSON type + enum/conditional constraints; no empty strings for unknown","Increment material revision; retain prior assessment/decision/event; new snapshots immutable","See source-scoped dependency records","Entity.entity_type; exposed where relevant in Scenario/Product/Assurance","synthetic-restricted","DESIGN-HYPOTHESIS","""synthetic_corporation"""
"Entity","incorporation_jurisdiction","注册地","incorporation jurisdiction","incorporation jurisdiction","string","Always present on each object record","false","","Synthetic registration context.","IA §7.2/7.3/7.4 and D2 §8 seeds; field-level implementation is proposed","SRC-009:7|SRC-010:8","ROLE-KYCOPS","State reducer after configured demo action","JSON type + enum/conditional constraints; no empty strings for unknown","Increment material revision; retain prior assessment/decision/event; new snapshots immutable","See source-scoped dependency records","Entity.incorporation_jurisdiction; exposed where relevant in Scenario/Product/Assurance","synthetic-restricted","DESIGN-HYPOTHESIS","""AU"""
"Entity","registration_number","注册编号","registration number","registration number","string|null","Always present on each object record","true","","No real registration number in fixture.","IA §7.2/7.3/7.4 and D2 §8 seeds; field-level implementation is proposed","SRC-009:7|SRC-010:8","ROLE-KYCOPS","State reducer after configured demo action","JSON type + enum/conditional constraints; no empty strings for unknown","Increment material revision; retain prior assessment/decision/event; new snapshots immutable","See source-scoped dependency records","Entity.registration_number; exposed where relevant in Scenario/Product/Assurance","synthetic-restricted","DESIGN-HYPOTHESIS","null"
"Entity","lei","LEI","lei","lei","string|null","Always present on each object record","true","","No invented real LEI.","IA §7.2/7.3/7.4 and D2 §8 seeds; field-level implementation is proposed","SRC-009:7|SRC-010:8","ROLE-KYCOPS","State reducer after configured demo action","JSON type + enum/conditional constraints; no empty strings for unknown","Increment material revision; retain prior assessment/decision/event; new snapshots immutable","See source-scoped dependency records","Entity.lei; exposed where relevant in Scenario/Product/Assurance","synthetic-restricted","DESIGN-HYPOTHESIS","null"
"Entity","identity_status","身份状态","identity status","identity status","string","Always present on each object record","false","unverified|review_required|verified_for_demo","Explicit 身份状态 independent of other object states.","IA §7.2/7.3/7.4 and D2 §8 seeds; field-level implementation is proposed","SRC-009:7|SRC-010:8","ROLE-KYCOPS","State reducer after configured demo action","JSON type + enum/conditional constraints; no empty strings for unknown","Increment material revision; retain prior assessment/decision/event; new snapshots immutable","See source-scoped dependency records","Entity.identity_status; exposed where relevant in Scenario/Product/Assurance","synthetic-restricted","DESIGN-HYPOTHESIS","""review_required"""
"Representative","id","稳定编号","id","id","string","Always present on each object record","false","","Stable synthetic local identifier.","IA §7.2/7.3/7.4 and D2 §8 seeds; field-level implementation is proposed","SRC-009:7|SRC-010:8","ROLE-KYCOPS","State reducer after configured demo action","JSON type + enum/conditional constraints; no empty strings for unknown","Increment material revision; retain prior assessment/decision/event; new snapshots immutable","See source-scoped dependency records","Representative.id; exposed where relevant in Scenario/Product/Assurance","synthetic-restricted","DESIGN-HYPOTHESIS","""DEMO-CTT-001/representative/alex"""
"Representative","case_id","案件","case id","case id","string","Always present on each object record","false","ref:Case","Reference to Case.","IA §7.2/7.3/7.4 and D2 §8 seeds; field-level implementation is proposed","SRC-009:7|SRC-010:8","ROLE-KYCOPS","State reducer after configured demo action","Must resolve Case and same case/scope; explicit revision where used","Increment material revision; retain prior assessment/decision/event; new snapshots immutable","See source-scoped dependency records","Representative.case_id; exposed where relevant in Scenario/Product/Assurance","synthetic-restricted","DESIGN-HYPOTHESIS","""DEMO-CTT-001"""
"Representative","case_scope_id","案件范围","case scope id","case scope id","string","Always present on each object record","false","ref:Scope","Reference to Scope.","IA §7.2/7.3/7.4 and D2 §8 seeds; field-level implementation is proposed","SRC-009:7|SRC-010:8","ROLE-KYCOPS","State reducer after configured demo action","Must resolve Scope and same case/scope; explicit revision where used","Increment material revision; retain prior assessment/decision/event; new snapshots immutable","See source-scoped dependency records","Representative.case_scope_id; exposed where relevant in Scenario/Product/Assurance","synthetic-restricted","DESIGN-HYPOTHESIS","""DEMO-CTT-001/scope/institutional"""
"Representative","revision","版本","revision","revision","integer","Always present on each object record","false","","版本; increment for material revisions.","IA §7.2/7.3/7.4 and D2 §8 seeds; field-level implementation is proposed","SRC-009:7|SRC-010:8","ROLE-KYCOPS","State reducer after configured demo action","JSON type + enum/conditional constraints; no empty strings for unknown","Increment material revision; retain prior assessment/decision/event; new snapshots immutable","See source-scoped dependency records","Representative.revision; exposed where relevant in Scenario/Product/Assurance","synthetic-restricted","DESIGN-HYPOTHESIS","1"
"Representative","supersedes_ref","前版本","supersedes ref","supersedes ref","string|null","Always present on each object record","true","ref:Any","Previous immutable record reference, null for first revision.","IA §7.2/7.3/7.4 and D2 §8 seeds; field-level implementation is proposed","SRC-009:7|SRC-010:8","ROLE-KYCOPS","State reducer after configured demo action","Must resolve Any and same case/scope; explicit revision where used","Increment material revision; retain prior assessment/decision/event; new snapshots immutable","See source-scoped dependency records","Representative.supersedes_ref; exposed where relevant in Scenario/Product/Assurance","synthetic-restricted","DESIGN-HYPOTHESIS","null"
"Representative","source_refs","设计依据","source refs","source refs","array","Always present on each object record","false","","Registered design sources; distinct from synthetic evidence provenance.","IA §7.2/7.3/7.4 and D2 §8 seeds; field-level implementation is proposed","SRC-009:7|SRC-010:8","ROLE-KYCOPS","State reducer after configured demo action","JSON type + enum/conditional constraints; no empty strings for unknown","Increment material revision; retain prior assessment/decision/event; new snapshots immutable","See source-scoped dependency records","Representative.source_refs; exposed where relevant in Scenario/Product/Assurance","synthetic-restricted","DESIGN-HYPOTHESIS","[""SRC-009"",""SRC-010""]"
"Representative","source_status","来源状态","source status","source status","string","Always present on each object record","false","USER-CONFIRMED|SOURCE-SUPPORTED|INDUSTRY-REFERENCE|DESIGN-HYPOTHESIS|SYNTHETIC|OPEN|SUPERSEDED","Explicit 来源状态 independent of other object states.","IA §7.2/7.3/7.4 and D2 §8 seeds; field-level implementation is proposed","SRC-009:7|SRC-010:8","ROLE-KYCOPS","State reducer after configured demo action","JSON type + enum/conditional constraints; no empty strings for unknown","Increment material revision; retain prior assessment/decision/event; new snapshots immutable","See source-scoped dependency records","Representative.source_status; exposed where relevant in Scenario/Product/Assurance","synthetic-restricted","DESIGN-HYPOTHESIS","""SYNTHETIC"""
"Representative","simulation_flag","合成标记","simulation flag","simulation flag","boolean","Always present on each object record","false","","Always true for Round A business records.","IA §7.2/7.3/7.4 and D2 §8 seeds; field-level implementation is proposed","SRC-009:7|SRC-010:8","ROLE-KYCOPS","State reducer after configured demo action","JSON type + enum/conditional constraints; no empty strings for unknown","Increment material revision; retain prior assessment/decision/event; new snapshots immutable","See source-scoped dependency records","Representative.simulation_flag; exposed where relevant in Scenario/Product/Assurance","synthetic-restricted","DESIGN-HYPOTHESIS","true"
"Representative","owner_role","责任角色","owner role","owner role","string","Always present on each object record","false","","Synthetic role assignment, not bank delegation.","IA §7.2/7.3/7.4 and D2 §8 seeds; field-level implementation is proposed","SRC-009:7|SRC-010:8","ROLE-KYCOPS","State reducer after configured demo action","JSON type + enum/conditional constraints; no empty strings for unknown","Increment material revision; retain prior assessment/decision/event; new snapshots immutable","See source-scoped dependency records","Representative.owner_role; exposed where relevant in Scenario/Product/Assurance","synthetic-restricted","DESIGN-HYPOTHESIS","""ROLE-KYCOPS"""
"Representative","validation_owner","验证负责人","validation owner","validation owner","string","Always present on each object record","false","","Working review owner.","IA §7.2/7.3/7.4 and D2 §8 seeds; field-level implementation is proposed","SRC-009:7|SRC-010:8","ROLE-KYCOPS","State reducer after configured demo action","JSON type + enum/conditional constraints; no empty strings for unknown","Increment material revision; retain prior assessment/decision/event; new snapshots immutable","See source-scoped dependency records","Representative.validation_owner; exposed where relevant in Scenario/Product/Assurance","synthetic-restricted","DESIGN-HYPOTHESIS","""Christina"""
"Representative","authority_status","权限状态","authority status","authority status","string","Always present on each object record","false","demo_configured|unknown|not_applicable","Explicit 权限状态 independent of other object states.","IA §7.2/7.3/7.4 and D2 §8 seeds; field-level implementation is proposed","SRC-009:7|SRC-010:8","ROLE-KYCOPS","State reducer after configured demo action","JSON type + enum/conditional constraints; no empty strings for unknown","Increment material revision; retain prior assessment/decision/event; new snapshots immutable","See source-scoped dependency records","Representative.authority_status; exposed where relevant in Scenario/Product/Assurance","synthetic-restricted","DESIGN-HYPOTHESIS","""unknown"""
"Representative","sensitivity","敏感等级","sensitivity","sensitivity","string","Always present on each object record","false","synthetic-restricted","Explicit 敏感等级 independent of other object states.","IA §7.2/7.3/7.4 and D2 §8 seeds; field-level implementation is proposed","SRC-009:7|SRC-010:8","ROLE-KYCOPS","State reducer after configured demo action","JSON type + enum/conditional constraints; no empty strings for unknown","Increment material revision; retain prior assessment/decision/event; new snapshots immutable","See source-scoped dependency records","Representative.sensitivity; exposed where relevant in Scenario/Product/Assurance","synthetic-restricted","DESIGN-HYPOTHESIS","""synthetic-restricted"""
"Representative","created_at","创建时间","created at","created at","string","Always present on each object record","false","date-time","UTC timestamp for authored synthetic data.","IA §7.2/7.3/7.4 and D2 §8 seeds; field-level implementation is proposed","SRC-009:7|SRC-010:8","ROLE-KYCOPS","State reducer after configured demo action","JSON type + enum/conditional constraints; no empty strings for unknown","Increment material revision; retain prior assessment/decision/event; new snapshots immutable","See source-scoped dependency records","Representative.created_at; exposed where relevant in Scenario/Product/Assurance","synthetic-restricted","DESIGN-HYPOTHESIS","""2026-09-07T00:00:00Z"""
"Representative","updated_at","更新时间","updated at","updated at","string","Always present on each object record","false","date-time","UTC timestamp; display locale never changes the value.","IA §7.2/7.3/7.4 and D2 §8 seeds; field-level implementation is proposed","SRC-009:7|SRC-010:8","ROLE-KYCOPS","State reducer after configured demo action","JSON type + enum/conditional constraints; no empty strings for unknown","Increment material revision; retain prior assessment/decision/event; new snapshots immutable","See source-scoped dependency records","Representative.updated_at; exposed where relevant in Scenario/Product/Assurance","synthetic-restricted","DESIGN-HYPOTHESIS","""2026-09-07T00:00:00Z"""
"Representative","as_of","资料时点","as of","as of","string","Always present on each object record","false","date-time","UTC currency of this authored record.","IA §7.2/7.3/7.4 and D2 §8 seeds; field-level implementation is proposed","SRC-009:7|SRC-010:8","ROLE-KYCOPS","State reducer after configured demo action","JSON type + enum/conditional constraints; no empty strings for unknown","Increment material revision; retain prior assessment/decision/event; new snapshots immutable","See source-scoped dependency records","Representative.as_of; exposed where relevant in Scenario/Product/Assurance","synthetic-restricted","DESIGN-HYPOTHESIS","""2026-09-07T00:00:00Z"""
"Representative","question_ref","待确认问题","question ref","question ref","string|null","Non-null when policy/applicability/authority unknown; all keys present","true","","Required when bank authority or policy is unknown.","IA §7.2/7.3/7.4 and D2 §8 seeds; field-level implementation is proposed","SRC-009:7|SRC-010:8","ROLE-KYCOPS","State reducer after configured demo action","JSON type + enum/conditional constraints; no empty strings for unknown","Increment material revision; retain prior assessment/decision/event; new snapshots immutable","See source-scoped dependency records","Representative.question_ref; exposed where relevant in Scenario/Product/Assurance","synthetic-restricted","DESIGN-HYPOTHESIS","""ROUND-A-Q-AUTHORITY"""
"Representative","audit_event_refs","审计事件","audit event refs","audit event refs","array","Always present on each object record","false","ref:AuditEvent","References to AuditEvent.","IA §7.2/7.3/7.4 and D2 §8 seeds; field-level implementation is proposed","SRC-009:7|SRC-010:8","ROLE-KYCOPS","State reducer after configured demo action","Must resolve AuditEvent and same case/scope; explicit revision where used","Increment material revision; retain prior assessment/decision/event; new snapshots immutable","See source-scoped dependency records","Representative.audit_event_refs; exposed where relevant in Scenario/Product/Assurance","synthetic-restricted","DESIGN-HYPOTHESIS","[]"
"Representative","display_name","代表名称","display name","display name","string","Always present on each object record","false","","Synthetic representative name.","IA §7.2/7.3/7.4 and D2 §8 seeds; field-level implementation is proposed","SRC-009:7|SRC-010:8","ROLE-KYCOPS","State reducer after configured demo action","JSON type + enum/conditional constraints; no empty strings for unknown","Increment material revision; retain prior assessment/decision/event; new snapshots immutable","See source-scoped dependency records","Representative.display_name; exposed where relevant in Scenario/Product/Assurance","synthetic-restricted","DESIGN-HYPOTHESIS","""Alex Morgan (Synthetic)"""
"Representative","entity_id","代表主体","entity id","entity id","string","Always present on each object record","false","ref:Entity","Reference to Entity.","IA §7.2/7.3/7.4 and D2 §8 seeds; field-level implementation is proposed","SRC-009:7|SRC-010:8","ROLE-KYCOPS","State reducer after configured demo action","Must resolve Entity and same case/scope; explicit revision where used","Increment material revision; retain prior assessment/decision/event; new snapshots immutable","See source-scoped dependency records","Representative.entity_id; exposed where relevant in Scenario/Product/Assurance","synthetic-restricted","DESIGN-HYPOTHESIS","""DEMO-CTT-001/entity/harbour"""
"Representative","role","代表角色","role","role","string","Always present on each object record","false","","Proposed relationship role, not demonstrated authority.","IA §7.2/7.3/7.4 and D2 §8 seeds; field-level implementation is proposed","SRC-009:7|SRC-010:8","ROLE-KYCOPS","State reducer after configured demo action","JSON type + enum/conditional constraints; no empty strings for unknown","Increment material revision; retain prior assessment/decision/event; new snapshots immutable","See source-scoped dependency records","Representative.role; exposed where relevant in Scenario/Product/Assurance","synthetic-restricted","DESIGN-HYPOTHESIS","""client_contact"""
"Representative","authority_ref","代表权限","authority ref","authority ref","string","Non-null when recording a permitted demo judgment; unknown bank authority never grants permission","false","ref:Authority","Reference to Authority.","IA §7.2/7.3/7.4 and D2 §8 seeds; field-level implementation is proposed","SRC-009:7|SRC-010:8","ROLE-KYCOPS","State reducer after configured demo action","Must resolve Authority and same case/scope; explicit revision where used","Increment material revision; retain prior assessment/decision/event; new snapshots immutable","See source-scoped dependency records","Representative.authority_ref; exposed where relevant in Scenario/Product/Assurance","synthetic-restricted","DESIGN-HYPOTHESIS","""DEMO-CTT-001/authority/representative"""
"Authority","id","稳定编号","id","id","string","Always present on each object record","false","","Stable synthetic local identifier.","IA §7.2/7.3/7.4 and D2 §8 seeds; field-level implementation is proposed","SRC-009:7|SRC-010:8","ROLE-KYCOPS","State reducer after configured demo action","JSON type + enum/conditional constraints; no empty strings for unknown","Increment material revision; retain prior assessment/decision/event; new snapshots immutable","See source-scoped dependency records","Authority.id; exposed where relevant in Scenario/Product/Assurance","synthetic-restricted","DESIGN-HYPOTHESIS","""DEMO-CTT-001/authority/representative"""
"Authority","case_id","案件","case id","case id","string","Always present on each object record","false","ref:Case","Reference to Case.","IA §7.2/7.3/7.4 and D2 §8 seeds; field-level implementation is proposed","SRC-009:7|SRC-010:8","ROLE-KYCOPS","State reducer after configured demo action","Must resolve Case and same case/scope; explicit revision where used","Increment material revision; retain prior assessment/decision/event; new snapshots immutable","See source-scoped dependency records","Authority.case_id; exposed where relevant in Scenario/Product/Assurance","synthetic-restricted","DESIGN-HYPOTHESIS","""DEMO-CTT-001"""
"Authority","case_scope_id","案件范围","case scope id","case scope id","string","Always present on each object record","false","ref:Scope","Reference to Scope.","IA §7.2/7.3/7.4 and D2 §8 seeds; field-level implementation is proposed","SRC-009:7|SRC-010:8","ROLE-KYCOPS","State reducer after configured demo action","Must resolve Scope and same case/scope; explicit revision where used","Increment material revision; retain prior assessment/decision/event; new snapshots immutable","See source-scoped dependency records","Authority.case_scope_id; exposed where relevant in Scenario/Product/Assurance","synthetic-restricted","DESIGN-HYPOTHESIS","""DEMO-CTT-001/scope/institutional"""
"Authority","revision","版本","revision","revision","integer","Always present on each object record","false","","版本; increment for material revisions.","IA §7.2/7.3/7.4 and D2 §8 seeds; field-level implementation is proposed","SRC-009:7|SRC-010:8","ROLE-KYCOPS","State reducer after configured demo action","JSON type + enum/conditional constraints; no empty strings for unknown","Increment material revision; retain prior assessment/decision/event; new snapshots immutable","See source-scoped dependency records","Authority.revision; exposed where relevant in Scenario/Product/Assurance","synthetic-restricted","DESIGN-HYPOTHESIS","1"
"Authority","supersedes_ref","前版本","supersedes ref","supersedes ref","string|null","Always present on each object record","true","ref:Any","Previous immutable record reference, null for first revision.","IA §7.2/7.3/7.4 and D2 §8 seeds; field-level implementation is proposed","SRC-009:7|SRC-010:8","ROLE-KYCOPS","State reducer after configured demo action","Must resolve Any and same case/scope; explicit revision where used","Increment material revision; retain prior assessment/decision/event; new snapshots immutable","See source-scoped dependency records","Authority.supersedes_ref; exposed where relevant in Scenario/Product/Assurance","synthetic-restricted","DESIGN-HYPOTHESIS","null"
"Authority","source_refs","设计依据","source refs","source refs","array","Always present on each object record","false","","Registered design sources; distinct from synthetic evidence provenance.","IA §7.2/7.3/7.4 and D2 §8 seeds; field-level implementation is proposed","SRC-009:7|SRC-010:8","ROLE-KYCOPS","State reducer after configured demo action","JSON type + enum/conditional constraints; no empty strings for unknown","Increment material revision; retain prior assessment/decision/event; new snapshots immutable","See source-scoped dependency records","Authority.source_refs; exposed where relevant in Scenario/Product/Assurance","synthetic-restricted","DESIGN-HYPOTHESIS","[""SRC-009"",""SRC-010""]"
"Authority","source_status","来源状态","source status","source status","string","Always present on each object record","false","USER-CONFIRMED|SOURCE-SUPPORTED|INDUSTRY-REFERENCE|DESIGN-HYPOTHESIS|SYNTHETIC|OPEN|SUPERSEDED","Explicit 来源状态 independent of other object states.","IA §7.2/7.3/7.4 and D2 §8 seeds; field-level implementation is proposed","SRC-009:7|SRC-010:8","ROLE-KYCOPS","State reducer after configured demo action","JSON type + enum/conditional constraints; no empty strings for unknown","Increment material revision; retain prior assessment/decision/event; new snapshots immutable","See source-scoped dependency records","Authority.source_status; exposed where relevant in Scenario/Product/Assurance","synthetic-restricted","DESIGN-HYPOTHESIS","""SYNTHETIC"""
"Authority","simulation_flag","合成标记","simulation flag","simulation flag","boolean","Always present on each object record","false","","Always true for Round A business records.","IA §7.2/7.3/7.4 and D2 §8 seeds; field-level implementation is proposed","SRC-009:7|SRC-010:8","ROLE-KYCOPS","State reducer after configured demo action","JSON type + enum/conditional constraints; no empty strings for unknown","Increment material revision; retain prior assessment/decision/event; new snapshots immutable","See source-scoped dependency records","Authority.simulation_flag; exposed where relevant in Scenario/Product/Assurance","synthetic-restricted","DESIGN-HYPOTHESIS","true"
"Authority","owner_role","责任角色","owner role","owner role","string","Always present on each object record","false","","Synthetic role assignment, not bank delegation.","IA §7.2/7.3/7.4 and D2 §8 seeds; field-level implementation is proposed","SRC-009:7|SRC-010:8","ROLE-KYCOPS","State reducer after configured demo action","JSON type + enum/conditional constraints; no empty strings for unknown","Increment material revision; retain prior assessment/decision/event; new snapshots immutable","See source-scoped dependency records","Authority.owner_role; exposed where relevant in Scenario/Product/Assurance","synthetic-restricted","DESIGN-HYPOTHESIS","""ROLE-KYCOPS"""
"Authority","validation_owner","验证负责人","validation owner","validation owner","string","Always present on each object record","false","","Working review owner.","IA §7.2/7.3/7.4 and D2 §8 seeds; field-level implementation is proposed","SRC-009:7|SRC-010:8","ROLE-KYCOPS","State reducer after configured demo action","JSON type + enum/conditional constraints; no empty strings for unknown","Increment material revision; retain prior assessment/decision/event; new snapshots immutable","See source-scoped dependency records","Authority.validation_owner; exposed where relevant in Scenario/Product/Assurance","synthetic-restricted","DESIGN-HYPOTHESIS","""Christina"""
"Authority","authority_status","权限状态","authority status","authority status","string","Always present on each object record","false","demo_configured|unknown|not_applicable","Explicit 权限状态 independent of other object states.","IA §7.2/7.3/7.4 and D2 §8 seeds; field-level implementation is proposed","SRC-009:7|SRC-010:8","ROLE-KYCOPS","State reducer after configured demo action","JSON type + enum/conditional constraints; no empty strings for unknown","Increment material revision; retain prior assessment/decision/event; new snapshots immutable","See source-scoped dependency records","Authority.authority_status; exposed where relevant in Scenario/Product/Assurance","synthetic-restricted","DESIGN-HYPOTHESIS","""unknown"""
"Authority","sensitivity","敏感等级","sensitivity","sensitivity","string","Always present on each object record","false","synthetic-restricted","Explicit 敏感等级 independent of other object states.","IA §7.2/7.3/7.4 and D2 §8 seeds; field-level implementation is proposed","SRC-009:7|SRC-010:8","ROLE-KYCOPS","State reducer after configured demo action","JSON type + enum/conditional constraints; no empty strings for unknown","Increment material revision; retain prior assessment/decision/event; new snapshots immutable","See source-scoped dependency records","Authority.sensitivity; exposed where relevant in Scenario/Product/Assurance","synthetic-restricted","DESIGN-HYPOTHESIS","""synthetic-restricted"""
"Authority","created_at","创建时间","created at","created at","string","Always present on each object record","false","date-time","UTC timestamp for authored synthetic data.","IA §7.2/7.3/7.4 and D2 §8 seeds; field-level implementation is proposed","SRC-009:7|SRC-010:8","ROLE-KYCOPS","State reducer after configured demo action","JSON type + enum/conditional constraints; no empty strings for unknown","Increment material revision; retain prior assessment/decision/event; new snapshots immutable","See source-scoped dependency records","Authority.created_at; exposed where relevant in Scenario/Product/Assurance","synthetic-restricted","DESIGN-HYPOTHESIS","""2026-09-07T00:00:00Z"""
"Authority","updated_at","更新时间","updated at","updated at","string","Always present on each object record","false","date-time","UTC timestamp; display locale never changes the value.","IA §7.2/7.3/7.4 and D2 §8 seeds; field-level implementation is proposed","SRC-009:7|SRC-010:8","ROLE-KYCOPS","State reducer after configured demo action","JSON type + enum/conditional constraints; no empty strings for unknown","Increment material revision; retain prior assessment/decision/event; new snapshots immutable","See source-scoped dependency records","Authority.updated_at; exposed where relevant in Scenario/Product/Assurance","synthetic-restricted","DESIGN-HYPOTHESIS","""2026-09-07T00:00:00Z"""
"Authority","as_of","资料时点","as of","as of","string","Always present on each object record","false","date-time","UTC currency of this authored record.","IA §7.2/7.3/7.4 and D2 §8 seeds; field-level implementation is proposed","SRC-009:7|SRC-010:8","ROLE-KYCOPS","State reducer after configured demo action","JSON type + enum/conditional constraints; no empty strings for unknown","Increment material revision; retain prior assessment/decision/event; new snapshots immutable","See source-scoped dependency records","Authority.as_of; exposed where relevant in Scenario/Product/Assurance","synthetic-restricted","DESIGN-HYPOTHESIS","""2026-09-07T00:00:00Z"""
"Authority","question_ref","待确认问题","question ref","question ref","string|null","Non-null when policy/applicability/authority unknown; all keys present","true","","Required when bank authority or policy is unknown.","IA §7.2/7.3/7.4 and D2 §8 seeds; field-level implementation is proposed","SRC-009:7|SRC-010:8","ROLE-KYCOPS","State reducer after configured demo action","JSON type + enum/conditional constraints; no empty strings for unknown","Increment material revision; retain prior assessment/decision/event; new snapshots immutable","See source-scoped dependency records","Authority.question_ref; exposed where relevant in Scenario/Product/Assurance","synthetic-restricted","DESIGN-HYPOTHESIS","""ROUND-A-Q-AUTHORITY"""
"Authority","audit_event_refs","审计事件","audit event refs","audit event refs","array","Always present on each object record","false","ref:AuditEvent","References to AuditEvent.","IA §7.2/7.3/7.4 and D2 §8 seeds; field-level implementation is proposed","SRC-009:7|SRC-010:8","ROLE-KYCOPS","State reducer after configured demo action","Must resolve AuditEvent and same case/scope; explicit revision where used","Increment material revision; retain prior assessment/decision/event; new snapshots immutable","See source-scoped dependency records","Authority.audit_event_refs; exposed where relevant in Scenario/Product/Assurance","synthetic-restricted","DESIGN-HYPOTHESIS","[]"
"Authority","subject_ref","权限主体","subject ref","subject ref","string|null","Always present on each object record","true","ref:Representative","Representative reference, null for generic demo reviewer role.","IA §7.2/7.3/7.4 and D2 §8 seeds; field-level implementation is proposed","SRC-009:7|SRC-010:8","ROLE-KYCOPS","State reducer after configured demo action","Must resolve Representative and same case/scope; explicit revision where used","Increment material revision; retain prior assessment/decision/event; new snapshots immutable","See source-scoped dependency records","Authority.subject_ref; exposed where relevant in Scenario/Product/Assurance","synthetic-restricted","DESIGN-HYPOTHESIS","""DEMO-CTT-001/representative/alex"""
"Authority","authority_kind","权限类型","authority kind","authority kind","string","Always present on each object record","false","representative|demo_action_permission","Explicit 权限类型 independent of other object states.","IA §7.2/7.3/7.4 and D2 §8 seeds; field-level implementation is proposed","SRC-009:7|SRC-010:8","ROLE-KYCOPS","State reducer after configured demo action","JSON type + enum/conditional constraints; no empty strings for unknown","Increment material revision; retain prior assessment/decision/event; new snapshots immutable","See source-scoped dependency records","Authority.authority_kind; exposed where relevant in Scenario/Product/Assurance","synthetic-restricted","DESIGN-HYPOTHESIS","""representative"""
"Authority","scope_description","权限范围","scope description","scope description","string","Always present on each object record","false","","Separates demo UI permissions from unknown bank mandates.","IA §7.2/7.3/7.4 and D2 §8 seeds; field-level implementation is proposed","SRC-009:7|SRC-010:8","ROLE-KYCOPS","State reducer after configured demo action","JSON type + enum/conditional constraints; no empty strings for unknown","Increment material revision; retain prior assessment/decision/event; new snapshots immutable","See source-scoped dependency records","Authority.scope_description; exposed where relevant in Scenario/Product/Assurance","synthetic-restricted","DESIGN-HYPOTHESIS","""Client contact; legal signing authority is unknown."""
"Authority","bank_authority_ref","银行授权","bank authority ref","bank authority ref","string|null","Always present on each object record","true","","Unknown bank delegation remains null.","IA §7.2/7.3/7.4 and D2 §8 seeds; field-level implementation is proposed","SRC-009:7|SRC-010:8","ROLE-KYCOPS","State reducer after configured demo action","JSON type + enum/conditional constraints; no empty strings for unknown","Increment material revision; retain prior assessment/decision/event; new snapshots immutable","See source-scoped dependency records","Authority.bank_authority_ref; exposed where relevant in Scenario/Product/Assurance","synthetic-restricted","DESIGN-HYPOTHESIS","null"
"Authority","demo_permission_ref","演示配置","demo permission ref","demo permission ref","string|null","Always present on each object record","true","","Local configuration key; never a real bank authority.","IA §7.2/7.3/7.4 and D2 §8 seeds; field-level implementation is proposed","SRC-009:7|SRC-010:8","ROLE-KYCOPS","State reducer after configured demo action","JSON type + enum/conditional constraints; no empty strings for unknown","Increment material revision; retain prior assessment/decision/event; new snapshots immutable","See source-scoped dependency records","Authority.demo_permission_ref; exposed where relevant in Scenario/Product/Assurance","synthetic-restricted","DESIGN-HYPOTHESIS","null"
"Authority","status","状态","status","status","string","Always present on each object record","false","unknown|configured_for_demo","Explicit 状态 independent of other object states.","IA §7.2/7.3/7.4 and D2 §8 seeds; field-level implementation is proposed","SRC-009:7|SRC-010:8","ROLE-KYCOPS","State reducer after configured demo action","JSON type + enum/conditional constraints; no empty strings for unknown","Increment material revision; retain prior assessment/decision/event; new snapshots immutable","See source-scoped dependency records","Authority.status; exposed where relevant in Scenario/Product/Assurance","synthetic-restricted","DESIGN-HYPOTHESIS","""unknown"""
"Requirement","id","稳定编号","id","id","string","Always present on each object record","false","","Stable synthetic local identifier.","IA §7.2/7.3/7.4 and D2 §8 seeds; field-level implementation is proposed","SRC-009:7|SRC-010:8","ROLE-KYCOPS","State reducer after configured demo action","JSON type + enum/conditional constraints; no empty strings for unknown","Increment material revision; retain prior assessment/decision/event; new snapshots immutable","See source-scoped dependency records","Requirement.id; exposed where relevant in Scenario/Product/Assurance","synthetic-restricted","DESIGN-HYPOTHESIS","""DEMO-CTT-001/requirement/identity"""
"Requirement","case_id","案件","case id","case id","string","Always present on each object record","false","ref:Case","Reference to Case.","IA §7.2/7.3/7.4 and D2 §8 seeds; field-level implementation is proposed","SRC-009:7|SRC-010:8","ROLE-KYCOPS","State reducer after configured demo action","Must resolve Case and same case/scope; explicit revision where used","Increment material revision; retain prior assessment/decision/event; new snapshots immutable","See source-scoped dependency records","Requirement.case_id; exposed where relevant in Scenario/Product/Assurance","synthetic-restricted","DESIGN-HYPOTHESIS","""DEMO-CTT-001"""
"Requirement","case_scope_id","案件范围","case scope id","case scope id","string","Always present on each object record","false","ref:Scope","Reference to Scope.","IA §7.2/7.3/7.4 and D2 §8 seeds; field-level implementation is proposed","SRC-009:7|SRC-010:8","ROLE-KYCOPS","State reducer after configured demo action","Must resolve Scope and same case/scope; explicit revision where used","Increment material revision; retain prior assessment/decision/event; new snapshots immutable","See source-scoped dependency records","Requirement.case_scope_id; exposed where relevant in Scenario/Product/Assurance","synthetic-restricted","DESIGN-HYPOTHESIS","""DEMO-CTT-001/scope/institutional"""
"Requirement","revision","版本","revision","revision","integer","Always present on each object record","false","","版本; increment for material revisions.","IA §7.2/7.3/7.4 and D2 §8 seeds; field-level implementation is proposed","SRC-009:7|SRC-010:8","ROLE-KYCOPS","State reducer after configured demo action","JSON type + enum/conditional constraints; no empty strings for unknown","Increment material revision; retain prior assessment/decision/event; new snapshots immutable","See source-scoped dependency records","Requirement.revision; exposed where relevant in Scenario/Product/Assurance","synthetic-restricted","DESIGN-HYPOTHESIS","1"
"Requirement","supersedes_ref","前版本","supersedes ref","supersedes ref","string|null","Always present on each object record","true","ref:Any","Previous immutable record reference, null for first revision.","IA §7.2/7.3/7.4 and D2 §8 seeds; field-level implementation is proposed","SRC-009:7|SRC-010:8","ROLE-KYCOPS","State reducer after configured demo action","Must resolve Any and same case/scope; explicit revision where used","Increment material revision; retain prior assessment/decision/event; new snapshots immutable","See source-scoped dependency records","Requirement.supersedes_ref; exposed where relevant in Scenario/Product/Assurance","synthetic-restricted","DESIGN-HYPOTHESIS","null"
"Requirement","source_refs","设计依据","source refs","source refs","array","Always present on each object record","false","","Registered design sources; distinct from synthetic evidence provenance.","IA §7.2/7.3/7.4 and D2 §8 seeds; field-level implementation is proposed","SRC-009:7|SRC-010:8","ROLE-KYCOPS","State reducer after configured demo action","JSON type + enum/conditional constraints; no empty strings for unknown","Increment material revision; retain prior assessment/decision/event; new snapshots immutable","See source-scoped dependency records","Requirement.source_refs; exposed where relevant in Scenario/Product/Assurance","synthetic-restricted","DESIGN-HYPOTHESIS","[""SRC-009"",""SRC-010""]"
"Requirement","source_status","来源状态","source status","source status","string","Always present on each object record","false","USER-CONFIRMED|SOURCE-SUPPORTED|INDUSTRY-REFERENCE|DESIGN-HYPOTHESIS|SYNTHETIC|OPEN|SUPERSEDED","Explicit 来源状态 independent of other object states.","IA §7.2/7.3/7.4 and D2 §8 seeds; field-level implementation is proposed","SRC-009:7|SRC-010:8","ROLE-KYCOPS","State reducer after configured demo action","JSON type + enum/conditional constraints; no empty strings for unknown","Increment material revision; retain prior assessment/decision/event; new snapshots immutable","See source-scoped dependency records","Requirement.source_status; exposed where relevant in Scenario/Product/Assurance","synthetic-restricted","DESIGN-HYPOTHESIS","""SYNTHETIC"""
"Requirement","simulation_flag","合成标记","simulation flag","simulation flag","boolean","Always present on each object record","false","","Always true for Round A business records.","IA §7.2/7.3/7.4 and D2 §8 seeds; field-level implementation is proposed","SRC-009:7|SRC-010:8","ROLE-KYCOPS","State reducer after configured demo action","JSON type + enum/conditional constraints; no empty strings for unknown","Increment material revision; retain prior assessment/decision/event; new snapshots immutable","See source-scoped dependency records","Requirement.simulation_flag; exposed where relevant in Scenario/Product/Assurance","synthetic-restricted","DESIGN-HYPOTHESIS","true"
"Requirement","owner_role","责任角色","owner role","owner role","string","Always present on each object record","false","","Synthetic role assignment, not bank delegation.","IA §7.2/7.3/7.4 and D2 §8 seeds; field-level implementation is proposed","SRC-009:7|SRC-010:8","ROLE-KYCOPS","State reducer after configured demo action","JSON type + enum/conditional constraints; no empty strings for unknown","Increment material revision; retain prior assessment/decision/event; new snapshots immutable","See source-scoped dependency records","Requirement.owner_role; exposed where relevant in Scenario/Product/Assurance","synthetic-restricted","DESIGN-HYPOTHESIS","""ROLE-KYCOPS"""
"Requirement","validation_owner","验证负责人","validation owner","validation owner","string","Always present on each object record","false","","Working review owner.","IA §7.2/7.3/7.4 and D2 §8 seeds; field-level implementation is proposed","SRC-009:7|SRC-010:8","ROLE-KYCOPS","State reducer after configured demo action","JSON type + enum/conditional constraints; no empty strings for unknown","Increment material revision; retain prior assessment/decision/event; new snapshots immutable","See source-scoped dependency records","Requirement.validation_owner; exposed where relevant in Scenario/Product/Assurance","synthetic-restricted","DESIGN-HYPOTHESIS","""Christina"""
"Requirement","authority_status","权限状态","authority status","authority status","string","Always present on each object record","false","demo_configured|unknown|not_applicable","Explicit 权限状态 independent of other object states.","IA §7.2/7.3/7.4 and D2 §8 seeds; field-level implementation is proposed","SRC-009:7|SRC-010:8","ROLE-KYCOPS","State reducer after configured demo action","JSON type + enum/conditional constraints; no empty strings for unknown","Increment material revision; retain prior assessment/decision/event; new snapshots immutable","See source-scoped dependency records","Requirement.authority_status; exposed where relevant in Scenario/Product/Assurance","synthetic-restricted","DESIGN-HYPOTHESIS","""unknown"""
"Requirement","sensitivity","敏感等级","sensitivity","sensitivity","string","Always present on each object record","false","synthetic-restricted","Explicit 敏感等级 independent of other object states.","IA §7.2/7.3/7.4 and D2 §8 seeds; field-level implementation is proposed","SRC-009:7|SRC-010:8","ROLE-KYCOPS","State reducer after configured demo action","JSON type + enum/conditional constraints; no empty strings for unknown","Increment material revision; retain prior assessment/decision/event; new snapshots immutable","See source-scoped dependency records","Requirement.sensitivity; exposed where relevant in Scenario/Product/Assurance","synthetic-restricted","DESIGN-HYPOTHESIS","""synthetic-restricted"""
"Requirement","created_at","创建时间","created at","created at","string","Always present on each object record","false","date-time","UTC timestamp for authored synthetic data.","IA §7.2/7.3/7.4 and D2 §8 seeds; field-level implementation is proposed","SRC-009:7|SRC-010:8","ROLE-KYCOPS","State reducer after configured demo action","JSON type + enum/conditional constraints; no empty strings for unknown","Increment material revision; retain prior assessment/decision/event; new snapshots immutable","See source-scoped dependency records","Requirement.created_at; exposed where relevant in Scenario/Product/Assurance","synthetic-restricted","DESIGN-HYPOTHESIS","""2026-09-07T00:00:00Z"""
"Requirement","updated_at","更新时间","updated at","updated at","string","Always present on each object record","false","date-time","UTC timestamp; display locale never changes the value.","IA §7.2/7.3/7.4 and D2 §8 seeds; field-level implementation is proposed","SRC-009:7|SRC-010:8","ROLE-KYCOPS","State reducer after configured demo action","JSON type + enum/conditional constraints; no empty strings for unknown","Increment material revision; retain prior assessment/decision/event; new snapshots immutable","See source-scoped dependency records","Requirement.updated_at; exposed where relevant in Scenario/Product/Assurance","synthetic-restricted","DESIGN-HYPOTHESIS","""2026-09-07T00:00:00Z"""
"Requirement","as_of","资料时点","as of","as of","string","Always present on each object record","false","date-time","UTC currency of this authored record.","IA §7.2/7.3/7.4 and D2 §8 seeds; field-level implementation is proposed","SRC-009:7|SRC-010:8","ROLE-KYCOPS","State reducer after configured demo action","JSON type + enum/conditional constraints; no empty strings for unknown","Increment material revision; retain prior assessment/decision/event; new snapshots immutable","See source-scoped dependency records","Requirement.as_of; exposed where relevant in Scenario/Product/Assurance","synthetic-restricted","DESIGN-HYPOTHESIS","""2026-09-07T00:00:00Z"""
"Requirement","question_ref","待确认问题","question ref","question ref","string|null","Non-null when policy/applicability/authority unknown; all keys present","true","","Required when bank authority or policy is unknown.","IA §7.2/7.3/7.4 and D2 §8 seeds; field-level implementation is proposed","SRC-009:7|SRC-010:8","ROLE-KYCOPS","State reducer after configured demo action","JSON type + enum/conditional constraints; no empty strings for unknown","Increment material revision; retain prior assessment/decision/event; new snapshots immutable","See source-scoped dependency records","Requirement.question_ref; exposed where relevant in Scenario/Product/Assurance","synthetic-restricted","DESIGN-HYPOTHESIS","""ROUND-A-Q-POLICY"""
"Requirement","audit_event_refs","审计事件","audit event refs","audit event refs","array","Always present on each object record","false","ref:AuditEvent","References to AuditEvent.","IA §7.2/7.3/7.4 and D2 §8 seeds; field-level implementation is proposed","SRC-009:7|SRC-010:8","ROLE-KYCOPS","State reducer after configured demo action","Must resolve AuditEvent and same case/scope; explicit revision where used","Increment material revision; retain prior assessment/decision/event; new snapshots immutable","See source-scoped dependency records","Requirement.audit_event_refs; exposed where relevant in Scenario/Product/Assurance","synthetic-restricted","DESIGN-HYPOTHESIS","[]"
"Requirement","subject_id","要求主体","subject id","subject id","string","Always present on each object record","false","ref:Entity","Reference to Entity.","IA §7.2/7.3/7.4 and D2 §8 seeds; field-level implementation is proposed","SRC-009:7|SRC-010:8","ROLE-KYCOPS","State reducer after configured demo action","Must resolve Entity and same case/scope; explicit revision where used","Increment material revision; retain prior assessment/decision/event; new snapshots immutable","See source-scoped dependency records","Requirement.subject_id; exposed where relevant in Scenario/Product/Assurance","synthetic-restricted","DESIGN-HYPOTHESIS","""DEMO-CTT-001/entity/harbour"""
"Requirement","purpose_code","用途","purpose code","purpose code","string","Always present on each object record","false","","A purpose cannot be inferred from an evidence artifact.","IA §7.2/7.3/7.4 and D2 §8 seeds; field-level implementation is proposed","SRC-009:7|SRC-010:8","ROLE-KYCOPS","State reducer after configured demo action","JSON type + enum/conditional constraints; no empty strings for unknown","Increment material revision; retain prior assessment/decision/event; new snapshots immutable","See source-scoped dependency records","Requirement.purpose_code; exposed where relevant in Scenario/Product/Assurance","synthetic-restricted","DESIGN-HYPOTHESIS","""entity_identity"""
"Requirement","set_revision","要求集版本","set revision","set revision","integer","Always present on each object record","false","","要求集版本; increment for material revisions.","IA §7.2/7.3/7.4 and D2 §8 seeds; field-level implementation is proposed","SRC-009:7|SRC-010:8","ROLE-KYCOPS","State reducer after configured demo action","JSON type + enum/conditional constraints; no empty strings for unknown","Increment material revision; retain prior assessment/decision/event; new snapshots immutable","See source-scoped dependency records","Requirement.set_revision; exposed where relevant in Scenario/Product/Assurance","synthetic-restricted","DESIGN-HYPOTHESIS","1"
"Requirement","applicability","适用性","applicability","applicability","string","Always present on each object record","false","required|not_required|unknown","Explicit 适用性 independent of other object states.","IA §7.2/7.3/7.4 and D2 §8 seeds; field-level implementation is proposed","SRC-009:7|SRC-010:8","ROLE-KYCOPS","State reducer after configured demo action","JSON type + enum/conditional constraints; no empty strings for unknown","Increment material revision; retain prior assessment/decision/event; new snapshots immutable","See source-scoped dependency records","Requirement.applicability; exposed where relevant in Scenario/Product/Assurance","synthetic-restricted","DESIGN-HYPOTHESIS","""required"""
"Requirement","rule_ref","演示规则","rule ref","rule ref","string","Always present on each object record","false","","Local authored rule key.","IA §7.2/7.3/7.4 and D2 §8 seeds; field-level implementation is proposed","SRC-009:7|SRC-010:8","ROLE-KYCOPS","State reducer after configured demo action","JSON type + enum/conditional constraints; no empty strings for unknown","Increment material revision; retain prior assessment/decision/event; new snapshots immutable","See source-scoped dependency records","Requirement.rule_ref; exposed where relevant in Scenario/Product/Assurance","synthetic-restricted","DESIGN-HYPOTHESIS","""DEMO-CTT-001/rule/purpose-review-v1"""
"Requirement","rule_revision","规则版本","rule revision","rule revision","integer","Always present on each object record","false","","规则版本; increment for material revisions.","IA §7.2/7.3/7.4 and D2 §8 seeds; field-level implementation is proposed","SRC-009:7|SRC-010:8","ROLE-KYCOPS","State reducer after configured demo action","JSON type + enum/conditional constraints; no empty strings for unknown","Increment material revision; retain prior assessment/decision/event; new snapshots immutable","See source-scoped dependency records","Requirement.rule_revision; exposed where relevant in Scenario/Product/Assurance","synthetic-restricted","DESIGN-HYPOTHESIS","1"
"Requirement","bank_policy_ref","银行政策","bank policy ref","bank policy ref","string|null","Always present on each object record","true","","Unknown bank policy remains null.","IA §7.2/7.3/7.4 and D2 §8 seeds; field-level implementation is proposed","SRC-009:7|SRC-010:8","ROLE-KYCOPS","State reducer after configured demo action","JSON type + enum/conditional constraints; no empty strings for unknown","Increment material revision; retain prior assessment/decision/event; new snapshots immutable","See source-scoped dependency records","Requirement.bank_policy_ref; exposed where relevant in Scenario/Product/Assurance","synthetic-restricted","DESIGN-HYPOTHESIS","null"
"Requirement","status","要求状态","status","status","string","Always present on each object record","false","draft|review_required|satisfied|unknown","Explicit 要求状态 independent of other object states.","IA §7.2/7.3/7.4 and D2 §8 seeds; field-level implementation is proposed","SRC-009:7|SRC-010:8","ROLE-KYCOPS","State reducer after configured demo action","JSON type + enum/conditional constraints; no empty strings for unknown","Increment material revision; retain prior assessment/decision/event; new snapshots immutable","See source-scoped dependency records","Requirement.status; exposed where relevant in Scenario/Product/Assurance","synthetic-restricted","DESIGN-HYPOTHESIS","""draft"""
"Requirement","status_reason","状态原因","status reason","status reason","string","Always present on each object record","false","","Explicit reason for requirement state.","IA §7.2/7.3/7.4 and D2 §8 seeds; field-level implementation is proposed","SRC-009:7|SRC-010:8","ROLE-KYCOPS","State reducer after configured demo action","JSON type + enum/conditional constraints; no empty strings for unknown","Increment material revision; retain prior assessment/decision/event; new snapshots immutable","See source-scoped dependency records","Requirement.status_reason; exposed where relevant in Scenario/Product/Assurance","synthetic-restricted","DESIGN-HYPOTHESIS","""Awaiting synthetic requirements confirmation"""
"Evidence","id","稳定编号","id","id","string","Always present on each object record","false","","Stable synthetic local identifier.","IA §7.2/7.3/7.4 and D2 §8 seeds; field-level implementation is proposed","SRC-009:7|SRC-010:8","ROLE-KYCOPS","State reducer after configured demo action","JSON type + enum/conditional constraints; no empty strings for unknown","Increment material revision; retain prior assessment/decision/event; new snapshots immutable","See source-scoped dependency records","Evidence.id; exposed where relevant in Scenario/Product/Assurance","synthetic-restricted","DESIGN-HYPOTHESIS","""DEMO-CTT-001/evidence/registry"""
"Evidence","case_id","案件","case id","case id","string","Always present on each object record","false","ref:Case","Reference to Case.","IA §7.2/7.3/7.4 and D2 §8 seeds; field-level implementation is proposed","SRC-009:7|SRC-010:8","ROLE-KYCOPS","State reducer after configured demo action","Must resolve Case and same case/scope; explicit revision where used","Increment material revision; retain prior assessment/decision/event; new snapshots immutable","See source-scoped dependency records","Evidence.case_id; exposed where relevant in Scenario/Product/Assurance","synthetic-restricted","DESIGN-HYPOTHESIS","""DEMO-CTT-001"""
"Evidence","case_scope_id","案件范围","case scope id","case scope id","string","Always present on each object record","false","ref:Scope","Reference to Scope.","IA §7.2/7.3/7.4 and D2 §8 seeds; field-level implementation is proposed","SRC-009:7|SRC-010:8","ROLE-KYCOPS","State reducer after configured demo action","Must resolve Scope and same case/scope; explicit revision where used","Increment material revision; retain prior assessment/decision/event; new snapshots immutable","See source-scoped dependency records","Evidence.case_scope_id; exposed where relevant in Scenario/Product/Assurance","synthetic-restricted","DESIGN-HYPOTHESIS","""DEMO-CTT-001/scope/institutional"""
"Evidence","revision","版本","revision","revision","integer","Always present on each object record","false","","版本; increment for material revisions.","IA §7.2/7.3/7.4 and D2 §8 seeds; field-level implementation is proposed","SRC-009:7|SRC-010:8","ROLE-KYCOPS","State reducer after configured demo action","JSON type + enum/conditional constraints; no empty strings for unknown","Increment material revision; retain prior assessment/decision/event; new snapshots immutable","See source-scoped dependency records","Evidence.revision; exposed where relevant in Scenario/Product/Assurance","synthetic-restricted","DESIGN-HYPOTHESIS","1"
"Evidence","supersedes_ref","前版本","supersedes ref","supersedes ref","string|null","Always present on each object record","true","ref:Any","Previous immutable record reference, null for first revision.","IA §7.2/7.3/7.4 and D2 §8 seeds; field-level implementation is proposed","SRC-009:7|SRC-010:8","ROLE-KYCOPS","State reducer after configured demo action","Must resolve Any and same case/scope; explicit revision where used","Increment material revision; retain prior assessment/decision/event; new snapshots immutable","See source-scoped dependency records","Evidence.supersedes_ref; exposed where relevant in Scenario/Product/Assurance","synthetic-restricted","DESIGN-HYPOTHESIS","null"
"Evidence","source_refs","设计依据","source refs","source refs","array","Always present on each object record","false","","Registered design sources; distinct from synthetic evidence provenance.","IA §7.2/7.3/7.4 and D2 §8 seeds; field-level implementation is proposed","SRC-009:7|SRC-010:8","ROLE-KYCOPS","State reducer after configured demo action","JSON type + enum/conditional constraints; no empty strings for unknown","Increment material revision; retain prior assessment/decision/event; new snapshots immutable","See source-scoped dependency records","Evidence.source_refs; exposed where relevant in Scenario/Product/Assurance","synthetic-restricted","DESIGN-HYPOTHESIS","[""SRC-009"",""SRC-010""]"
"Evidence","source_status","来源状态","source status","source status","string","Always present on each object record","false","USER-CONFIRMED|SOURCE-SUPPORTED|INDUSTRY-REFERENCE|DESIGN-HYPOTHESIS|SYNTHETIC|OPEN|SUPERSEDED","Explicit 来源状态 independent of other object states.","IA §7.2/7.3/7.4 and D2 §8 seeds; field-level implementation is proposed","SRC-009:7|SRC-010:8","ROLE-KYCOPS","State reducer after configured demo action","JSON type + enum/conditional constraints; no empty strings for unknown","Increment material revision; retain prior assessment/decision/event; new snapshots immutable","See source-scoped dependency records","Evidence.source_status; exposed where relevant in Scenario/Product/Assurance","synthetic-restricted","DESIGN-HYPOTHESIS","""SYNTHETIC"""
"Evidence","simulation_flag","合成标记","simulation flag","simulation flag","boolean","Always present on each object record","false","","Always true for Round A business records.","IA §7.2/7.3/7.4 and D2 §8 seeds; field-level implementation is proposed","SRC-009:7|SRC-010:8","ROLE-KYCOPS","State reducer after configured demo action","JSON type + enum/conditional constraints; no empty strings for unknown","Increment material revision; retain prior assessment/decision/event; new snapshots immutable","See source-scoped dependency records","Evidence.simulation_flag; exposed where relevant in Scenario/Product/Assurance","synthetic-restricted","DESIGN-HYPOTHESIS","true"
"Evidence","owner_role","责任角色","owner role","owner role","string","Always present on each object record","false","","Synthetic role assignment, not bank delegation.","IA §7.2/7.3/7.4 and D2 §8 seeds; field-level implementation is proposed","SRC-009:7|SRC-010:8","ROLE-KYCOPS","State reducer after configured demo action","JSON type + enum/conditional constraints; no empty strings for unknown","Increment material revision; retain prior assessment/decision/event; new snapshots immutable","See source-scoped dependency records","Evidence.owner_role; exposed where relevant in Scenario/Product/Assurance","synthetic-restricted","DESIGN-HYPOTHESIS","""ROLE-KYCOPS"""
"Evidence","validation_owner","验证负责人","validation owner","validation owner","string","Always present on each object record","false","","Working review owner.","IA §7.2/7.3/7.4 and D2 §8 seeds; field-level implementation is proposed","SRC-009:7|SRC-010:8","ROLE-KYCOPS","State reducer after configured demo action","JSON type + enum/conditional constraints; no empty strings for unknown","Increment material revision; retain prior assessment/decision/event; new snapshots immutable","See source-scoped dependency records","Evidence.validation_owner; exposed where relevant in Scenario/Product/Assurance","synthetic-restricted","DESIGN-HYPOTHESIS","""Christina"""
"Evidence","authority_status","权限状态","authority status","authority status","string","Always present on each object record","false","demo_configured|unknown|not_applicable","Explicit 权限状态 independent of other object states.","IA §7.2/7.3/7.4 and D2 §8 seeds; field-level implementation is proposed","SRC-009:7|SRC-010:8","ROLE-KYCOPS","State reducer after configured demo action","JSON type + enum/conditional constraints; no empty strings for unknown","Increment material revision; retain prior assessment/decision/event; new snapshots immutable","See source-scoped dependency records","Evidence.authority_status; exposed where relevant in Scenario/Product/Assurance","synthetic-restricted","DESIGN-HYPOTHESIS","""unknown"""
"Evidence","sensitivity","敏感等级","sensitivity","sensitivity","string","Always present on each object record","false","synthetic-restricted","Explicit 敏感等级 independent of other object states.","IA §7.2/7.3/7.4 and D2 §8 seeds; field-level implementation is proposed","SRC-009:7|SRC-010:8","ROLE-KYCOPS","State reducer after configured demo action","JSON type + enum/conditional constraints; no empty strings for unknown","Increment material revision; retain prior assessment/decision/event; new snapshots immutable","See source-scoped dependency records","Evidence.sensitivity; exposed where relevant in Scenario/Product/Assurance","synthetic-restricted","DESIGN-HYPOTHESIS","""synthetic-restricted"""
"Evidence","created_at","创建时间","created at","created at","string","Always present on each object record","false","date-time","UTC timestamp for authored synthetic data.","IA §7.2/7.3/7.4 and D2 §8 seeds; field-level implementation is proposed","SRC-009:7|SRC-010:8","ROLE-KYCOPS","State reducer after configured demo action","JSON type + enum/conditional constraints; no empty strings for unknown","Increment material revision; retain prior assessment/decision/event; new snapshots immutable","See source-scoped dependency records","Evidence.created_at; exposed where relevant in Scenario/Product/Assurance","synthetic-restricted","DESIGN-HYPOTHESIS","""2026-09-07T00:00:00Z"""
"Evidence","updated_at","更新时间","updated at","updated at","string","Always present on each object record","false","date-time","UTC timestamp; display locale never changes the value.","IA §7.2/7.3/7.4 and D2 §8 seeds; field-level implementation is proposed","SRC-009:7|SRC-010:8","ROLE-KYCOPS","State reducer after configured demo action","JSON type + enum/conditional constraints; no empty strings for unknown","Increment material revision; retain prior assessment/decision/event; new snapshots immutable","See source-scoped dependency records","Evidence.updated_at; exposed where relevant in Scenario/Product/Assurance","synthetic-restricted","DESIGN-HYPOTHESIS","""2026-09-07T00:00:00Z"""
"Evidence","as_of","资料时点","as of","as of","string","Always present on each object record","false","date-time","UTC currency of this authored record.","IA §7.2/7.3/7.4 and D2 §8 seeds; field-level implementation is proposed","SRC-009:7|SRC-010:8","ROLE-KYCOPS","State reducer after configured demo action","JSON type + enum/conditional constraints; no empty strings for unknown","Increment material revision; retain prior assessment/decision/event; new snapshots immutable","See source-scoped dependency records","Evidence.as_of; exposed where relevant in Scenario/Product/Assurance","synthetic-restricted","DESIGN-HYPOTHESIS","""2026-09-07T00:00:00Z"""
"Evidence","question_ref","待确认问题","question ref","question ref","string|null","Non-null when policy/applicability/authority unknown; all keys present","true","","Required when bank authority or policy is unknown.","IA §7.2/7.3/7.4 and D2 §8 seeds; field-level implementation is proposed","SRC-009:7|SRC-010:8","ROLE-KYCOPS","State reducer after configured demo action","JSON type + enum/conditional constraints; no empty strings for unknown","Increment material revision; retain prior assessment/decision/event; new snapshots immutable","See source-scoped dependency records","Evidence.question_ref; exposed where relevant in Scenario/Product/Assurance","synthetic-restricted","DESIGN-HYPOTHESIS","""ROUND-A-Q-AUTHORITY"""
"Evidence","audit_event_refs","审计事件","audit event refs","audit event refs","array","Always present on each object record","false","ref:AuditEvent","References to AuditEvent.","IA §7.2/7.3/7.4 and D2 §8 seeds; field-level implementation is proposed","SRC-009:7|SRC-010:8","ROLE-KYCOPS","State reducer after configured demo action","Must resolve AuditEvent and same case/scope; explicit revision where used","Increment material revision; retain prior assessment/decision/event; new snapshots immutable","See source-scoped dependency records","Evidence.audit_event_refs; exposed where relevant in Scenario/Product/Assurance","synthetic-restricted","DESIGN-HYPOTHESIS","[]"
"Evidence","subject_id","资料主体","subject id","subject id","string","Always present on each object record","false","ref:Entity","Reference to Entity.","IA §7.2/7.3/7.4 and D2 §8 seeds; field-level implementation is proposed","SRC-009:7|SRC-010:8","ROLE-KYCOPS","State reducer after configured demo action","Must resolve Entity and same case/scope; explicit revision where used","Increment material revision; retain prior assessment/decision/event; new snapshots immutable","See source-scoped dependency records","Evidence.subject_id; exposed where relevant in Scenario/Product/Assurance","synthetic-restricted","DESIGN-HYPOTHESIS","""DEMO-CTT-001/entity/harbour"""
"Evidence","evidence_revision","资料版本","evidence revision","evidence revision","integer","Always present on each object record","false","","资料版本; increment for material revisions.","IA §7.2/7.3/7.4 and D2 §8 seeds; field-level implementation is proposed","SRC-009:7|SRC-010:8","ROLE-KYCOPS","State reducer after configured demo action","JSON type + enum/conditional constraints; no empty strings for unknown","Increment material revision; retain prior assessment/decision/event; new snapshots immutable","See source-scoped dependency records","Evidence.evidence_revision; exposed where relevant in Scenario/Product/Assurance","synthetic-restricted","DESIGN-HYPOTHESIS","1"
"Evidence","source_record_ref","资料来源记录","source record ref","source record ref","string","Always present on each object record","false","","Synthetic source record; not a design-source ID.","IA §7.2/7.3/7.4 and D2 §8 seeds; field-level implementation is proposed","SRC-009:7|SRC-010:8","ROLE-KYCOPS","State reducer after configured demo action","JSON type + enum/conditional constraints; no empty strings for unknown","Increment material revision; retain prior assessment/decision/event; new snapshots immutable","See source-scoped dependency records","Evidence.source_record_ref; exposed where relevant in Scenario/Product/Assurance","synthetic-restricted","DESIGN-HYPOTHESIS","""SYNTHETIC-SOURCE/registry/extract-v1"""
"Evidence","acquired_at","接收时间","acquired at","acquired at","string|null","Non-null when receipt_status available/received; null when missing","true","date-time","Null until received.","IA §7.2/7.3/7.4 and D2 §8 seeds; field-level implementation is proposed","SRC-009:7|SRC-010:8","ROLE-KYCOPS","State reducer after configured demo action","JSON type + enum/conditional constraints; no empty strings for unknown","Increment material revision; retain prior assessment/decision/event; new snapshots immutable","See source-scoped dependency records","Evidence.acquired_at; exposed where relevant in Scenario/Product/Assurance","synthetic-restricted","DESIGN-HYPOTHESIS","""2026-09-07T00:00:00Z"""
"Evidence","covered_attributes","资料覆盖属性","covered attributes","covered attributes","array","Always present on each object record","false","","Explicit content coverage, no global validity.","IA §7.2/7.3/7.4 and D2 §8 seeds; field-level implementation is proposed","SRC-009:7|SRC-010:8","ROLE-KYCOPS","State reducer after configured demo action","JSON type + enum/conditional constraints; no empty strings for unknown","Increment material revision; retain prior assessment/decision/event; new snapshots immutable","See source-scoped dependency records","Evidence.covered_attributes; exposed where relevant in Scenario/Product/Assurance","synthetic-restricted","DESIGN-HYPOTHESIS","[""legal_name"",""incorporation_jurisdiction""]"
"Evidence","content_ref","内容引用","content ref","content ref","string","Always present on each object record","false","","Synthetic inline content key.","IA §7.2/7.3/7.4 and D2 §8 seeds; field-level implementation is proposed","SRC-009:7|SRC-010:8","ROLE-KYCOPS","State reducer after configured demo action","JSON type + enum/conditional constraints; no empty strings for unknown","Increment material revision; retain prior assessment/decision/event; new snapshots immutable","See source-scoped dependency records","Evidence.content_ref; exposed where relevant in Scenario/Product/Assurance","synthetic-restricted","DESIGN-HYPOTHESIS","""synthetic:inline:registry-extract"""
"Evidence","receipt_status","接收状态","receipt status","receipt status","string","Always present on each object record","false","available|missing|received","Explicit 接收状态 independent of other object states.","IA §7.2/7.3/7.4 and D2 §8 seeds; field-level implementation is proposed","SRC-009:7|SRC-010:8","ROLE-KYCOPS","State reducer after configured demo action","JSON type + enum/conditional constraints; no empty strings for unknown","Increment material revision; retain prior assessment/decision/event; new snapshots immutable","See source-scoped dependency records","Evidence.receipt_status; exposed where relevant in Scenario/Product/Assurance","synthetic-restricted","DESIGN-HYPOTHESIS","""available"""
"Evidence","verification_status","核验状态","verification status","verification status","string","Always present on each object record","false","not_verified|review_required|verified","Explicit 核验状态 independent of other object states.","IA §7.2/7.3/7.4 and D2 §8 seeds; field-level implementation is proposed","SRC-009:7|SRC-010:8","ROLE-KYCOPS","State reducer after configured demo action","JSON type + enum/conditional constraints; no empty strings for unknown","Increment material revision; retain prior assessment/decision/event; new snapshots immutable","See source-scoped dependency records","Evidence.verification_status; exposed where relevant in Scenario/Product/Assurance","synthetic-restricted","DESIGN-HYPOTHESIS","""not_verified"""
"Evidence","status_reason","状态原因","status reason","status reason","string","Always present on each object record","false","","Why artifact is present or absent.","IA §7.2/7.3/7.4 and D2 §8 seeds; field-level implementation is proposed","SRC-009:7|SRC-010:8","ROLE-KYCOPS","State reducer after configured demo action","JSON type + enum/conditional constraints; no empty strings for unknown","Increment material revision; retain prior assessment/decision/event; new snapshots immutable","See source-scoped dependency records","Evidence.status_reason; exposed where relevant in Scenario/Product/Assurance","synthetic-restricted","DESIGN-HYPOTHESIS","""Available to review for entity identity; no screening disambiguation fact"""
"Evidence","content_attributes","合成资料属性","content attributes","content attributes","object","Optional runtime metadata; when present must satisfy its declared non-null type","false","","Explicit fictional string values for the bounded comparison. Missing evidence content must not be displayed as received; no single value grants automatic sufficiency.","IA §7.2/7.3/7.4 and D2 §8 seeds; field-level implementation is proposed","SRC-009:7|SRC-010:8","ROLE-KYCOPS","State reducer after configured demo action","JSON type + enum/conditional constraints; no empty strings for unknown","Increment material revision; retain prior assessment/decision/event; new snapshots immutable","See source-scoped dependency records","Evidence.content_attributes; exposed where relevant in Scenario/Product/Assurance","synthetic-restricted","DESIGN-HYPOTHESIS","{""legal_name"":""Harbour Institutional Holdings (Synthetic)"",""incorporation_jurisdiction"":""AU""}"
"EvidenceUseAssessment","id","稳定编号","id","id","string","Always present on each object record","false","","Stable synthetic local identifier.","IA §7.2/7.3/7.4 and D2 §8 seeds; field-level implementation is proposed","SRC-009:7|SRC-010:8","ROLE-KYCOPS","State reducer after configured demo action","JSON type + enum/conditional constraints; no empty strings for unknown","Increment material revision; retain prior assessment/decision/event; new snapshots immutable","SRC-010:DEP-04|SRC-010:DEP-05|SRC-010:DEP-07","EvidenceUseAssessment.id; exposed where relevant in Scenario/Product/Assurance","synthetic-restricted","DESIGN-HYPOTHESIS","""DEMO-CTT-001/assessment/identity"""
"EvidenceUseAssessment","case_id","案件","case id","case id","string","Always present on each object record","false","ref:Case","Reference to Case.","IA §7.2/7.3/7.4 and D2 §8 seeds; field-level implementation is proposed","SRC-009:7|SRC-010:8","ROLE-KYCOPS","State reducer after configured demo action","Must resolve Case and same case/scope; explicit revision where used","Increment material revision; retain prior assessment/decision/event; new snapshots immutable","SRC-010:DEP-04|SRC-010:DEP-05|SRC-010:DEP-07","EvidenceUseAssessment.case_id; exposed where relevant in Scenario/Product/Assurance","synthetic-restricted","DESIGN-HYPOTHESIS","""DEMO-CTT-001"""
"EvidenceUseAssessment","case_scope_id","案件范围","case scope id","case scope id","string","Always present on each object record","false","ref:Scope","Reference to Scope.","IA §7.2/7.3/7.4 and D2 §8 seeds; field-level implementation is proposed","SRC-009:7|SRC-010:8","ROLE-KYCOPS","State reducer after configured demo action","Must resolve Scope and same case/scope; explicit revision where used","Increment material revision; retain prior assessment/decision/event; new snapshots immutable","SRC-010:DEP-04|SRC-010:DEP-05|SRC-010:DEP-07","EvidenceUseAssessment.case_scope_id; exposed where relevant in Scenario/Product/Assurance","synthetic-restricted","DESIGN-HYPOTHESIS","""DEMO-CTT-001/scope/institutional"""
"EvidenceUseAssessment","revision","版本","revision","revision","integer","Always present on each object record","false","","版本; increment for material revisions.","IA §7.2/7.3/7.4 and D2 §8 seeds; field-level implementation is proposed","SRC-009:7|SRC-010:8","ROLE-KYCOPS","State reducer after configured demo action","JSON type + enum/conditional constraints; no empty strings for unknown","Increment material revision; retain prior assessment/decision/event; new snapshots immutable","SRC-010:DEP-04|SRC-010:DEP-05|SRC-010:DEP-07","EvidenceUseAssessment.revision; exposed where relevant in Scenario/Product/Assurance","synthetic-restricted","DESIGN-HYPOTHESIS","1"
"EvidenceUseAssessment","supersedes_ref","前版本","supersedes ref","supersedes ref","string|null","Always present on each object record","true","ref:Any","Previous immutable record reference, null for first revision.","IA §7.2/7.3/7.4 and D2 §8 seeds; field-level implementation is proposed","SRC-009:7|SRC-010:8","ROLE-KYCOPS","State reducer after configured demo action","Must resolve Any and same case/scope; explicit revision where used","Increment material revision; retain prior assessment/decision/event; new snapshots immutable","SRC-010:DEP-04|SRC-010:DEP-05|SRC-010:DEP-07","EvidenceUseAssessment.supersedes_ref; exposed where relevant in Scenario/Product/Assurance","synthetic-restricted","DESIGN-HYPOTHESIS","null"
"EvidenceUseAssessment","source_refs","设计依据","source refs","source refs","array","Always present on each object record","false","","Registered design sources; distinct from synthetic evidence provenance.","IA §7.2/7.3/7.4 and D2 §8 seeds; field-level implementation is proposed","SRC-009:7|SRC-010:8","ROLE-KYCOPS","State reducer after configured demo action","JSON type + enum/conditional constraints; no empty strings for unknown","Increment material revision; retain prior assessment/decision/event; new snapshots immutable","SRC-010:DEP-04|SRC-010:DEP-05|SRC-010:DEP-07","EvidenceUseAssessment.source_refs; exposed where relevant in Scenario/Product/Assurance","synthetic-restricted","DESIGN-HYPOTHESIS","[""SRC-009"",""SRC-010""]"
"EvidenceUseAssessment","source_status","来源状态","source status","source status","string","Always present on each object record","false","USER-CONFIRMED|SOURCE-SUPPORTED|INDUSTRY-REFERENCE|DESIGN-HYPOTHESIS|SYNTHETIC|OPEN|SUPERSEDED","Explicit 来源状态 independent of other object states.","IA §7.2/7.3/7.4 and D2 §8 seeds; field-level implementation is proposed","SRC-009:7|SRC-010:8","ROLE-KYCOPS","State reducer after configured demo action","JSON type + enum/conditional constraints; no empty strings for unknown","Increment material revision; retain prior assessment/decision/event; new snapshots immutable","SRC-010:DEP-04|SRC-010:DEP-05|SRC-010:DEP-07","EvidenceUseAssessment.source_status; exposed where relevant in Scenario/Product/Assurance","synthetic-restricted","DESIGN-HYPOTHESIS","""SYNTHETIC"""
"EvidenceUseAssessment","simulation_flag","合成标记","simulation flag","simulation flag","boolean","Always present on each object record","false","","Always true for Round A business records.","IA §7.2/7.3/7.4 and D2 §8 seeds; field-level implementation is proposed","SRC-009:7|SRC-010:8","ROLE-KYCOPS","State reducer after configured demo action","JSON type + enum/conditional constraints; no empty strings for unknown","Increment material revision; retain prior assessment/decision/event; new snapshots immutable","SRC-010:DEP-04|SRC-010:DEP-05|SRC-010:DEP-07","EvidenceUseAssessment.simulation_flag; exposed where relevant in Scenario/Product/Assurance","synthetic-restricted","DESIGN-HYPOTHESIS","true"
"EvidenceUseAssessment","owner_role","责任角色","owner role","owner role","string","Always present on each object record","false","","Synthetic role assignment, not bank delegation.","IA §7.2/7.3/7.4 and D2 §8 seeds; field-level implementation is proposed","SRC-009:7|SRC-010:8","ROLE-KYCOPS","State reducer after configured demo action","JSON type + enum/conditional constraints; no empty strings for unknown","Increment material revision; retain prior assessment/decision/event; new snapshots immutable","SRC-010:DEP-04|SRC-010:DEP-05|SRC-010:DEP-07","EvidenceUseAssessment.owner_role; exposed where relevant in Scenario/Product/Assurance","synthetic-restricted","DESIGN-HYPOTHESIS","""ROLE-KYCOPS"""
"EvidenceUseAssessment","validation_owner","验证负责人","validation owner","validation owner","string","Always present on each object record","false","","Working review owner.","IA §7.2/7.3/7.4 and D2 §8 seeds; field-level implementation is proposed","SRC-009:7|SRC-010:8","ROLE-KYCOPS","State reducer after configured demo action","JSON type + enum/conditional constraints; no empty strings for unknown","Increment material revision; retain prior assessment/decision/event; new snapshots immutable","SRC-010:DEP-04|SRC-010:DEP-05|SRC-010:DEP-07","EvidenceUseAssessment.validation_owner; exposed where relevant in Scenario/Product/Assurance","synthetic-restricted","DESIGN-HYPOTHESIS","""Christina"""
"EvidenceUseAssessment","authority_status","权限状态","authority status","authority status","string","Always present on each object record","false","demo_configured|unknown|not_applicable","Explicit 权限状态 independent of other object states.","IA §7.2/7.3/7.4 and D2 §8 seeds; field-level implementation is proposed","SRC-009:7|SRC-010:8","ROLE-KYCOPS","State reducer after configured demo action","JSON type + enum/conditional constraints; no empty strings for unknown","Increment material revision; retain prior assessment/decision/event; new snapshots immutable","SRC-010:DEP-04|SRC-010:DEP-05|SRC-010:DEP-07","EvidenceUseAssessment.authority_status; exposed where relevant in Scenario/Product/Assurance","synthetic-restricted","DESIGN-HYPOTHESIS","""unknown"""
"EvidenceUseAssessment","sensitivity","敏感等级","sensitivity","sensitivity","string","Always present on each object record","false","synthetic-restricted","Explicit 敏感等级 independent of other object states.","IA §7.2/7.3/7.4 and D2 §8 seeds; field-level implementation is proposed","SRC-009:7|SRC-010:8","ROLE-KYCOPS","State reducer after configured demo action","JSON type + enum/conditional constraints; no empty strings for unknown","Increment material revision; retain prior assessment/decision/event; new snapshots immutable","SRC-010:DEP-04|SRC-010:DEP-05|SRC-010:DEP-07","EvidenceUseAssessment.sensitivity; exposed where relevant in Scenario/Product/Assurance","synthetic-restricted","DESIGN-HYPOTHESIS","""synthetic-restricted"""
"EvidenceUseAssessment","created_at","创建时间","created at","created at","string","Always present on each object record","false","date-time","UTC timestamp for authored synthetic data.","IA §7.2/7.3/7.4 and D2 §8 seeds; field-level implementation is proposed","SRC-009:7|SRC-010:8","ROLE-KYCOPS","State reducer after configured demo action","JSON type + enum/conditional constraints; no empty strings for unknown","Increment material revision; retain prior assessment/decision/event; new snapshots immutable","SRC-010:DEP-04|SRC-010:DEP-05|SRC-010:DEP-07","EvidenceUseAssessment.created_at; exposed where relevant in Scenario/Product/Assurance","synthetic-restricted","DESIGN-HYPOTHESIS","""2026-09-07T00:00:00Z"""
"EvidenceUseAssessment","updated_at","更新时间","updated at","updated at","string","Always present on each object record","false","date-time","UTC timestamp; display locale never changes the value.","IA §7.2/7.3/7.4 and D2 §8 seeds; field-level implementation is proposed","SRC-009:7|SRC-010:8","ROLE-KYCOPS","State reducer after configured demo action","JSON type + enum/conditional constraints; no empty strings for unknown","Increment material revision; retain prior assessment/decision/event; new snapshots immutable","SRC-010:DEP-04|SRC-010:DEP-05|SRC-010:DEP-07","EvidenceUseAssessment.updated_at; exposed where relevant in Scenario/Product/Assurance","synthetic-restricted","DESIGN-HYPOTHESIS","""2026-09-07T00:00:00Z"""
"EvidenceUseAssessment","as_of","资料时点","as of","as of","string","Always present on each object record","false","date-time","UTC currency of this authored record.","IA §7.2/7.3/7.4 and D2 §8 seeds; field-level implementation is proposed","SRC-009:7|SRC-010:8","ROLE-KYCOPS","State reducer after configured demo action","JSON type + enum/conditional constraints; no empty strings for unknown","Increment material revision; retain prior assessment/decision/event; new snapshots immutable","SRC-010:DEP-04|SRC-010:DEP-05|SRC-010:DEP-07","EvidenceUseAssessment.as_of; exposed where relevant in Scenario/Product/Assurance","synthetic-restricted","DESIGN-HYPOTHESIS","""2026-09-07T00:00:00Z"""
"EvidenceUseAssessment","question_ref","待确认问题","question ref","question ref","string|null","Non-null when policy/applicability/authority unknown; all keys present","true","","Required when bank authority or policy is unknown.","IA §7.2/7.3/7.4 and D2 §8 seeds; field-level implementation is proposed","SRC-009:7|SRC-010:8","ROLE-KYCOPS","State reducer after configured demo action","JSON type + enum/conditional constraints; no empty strings for unknown","Increment material revision; retain prior assessment/decision/event; new snapshots immutable","SRC-010:DEP-04|SRC-010:DEP-05|SRC-010:DEP-07","EvidenceUseAssessment.question_ref; exposed where relevant in Scenario/Product/Assurance","synthetic-restricted","DESIGN-HYPOTHESIS","""ROUND-A-Q-AUTHORITY"""
"EvidenceUseAssessment","audit_event_refs","审计事件","audit event refs","audit event refs","array","Always present on each object record","false","ref:AuditEvent","References to AuditEvent.","IA §7.2/7.3/7.4 and D2 §8 seeds; field-level implementation is proposed","SRC-009:7|SRC-010:8","ROLE-KYCOPS","State reducer after configured demo action","Must resolve AuditEvent and same case/scope; explicit revision where used","Increment material revision; retain prior assessment/decision/event; new snapshots immutable","SRC-010:DEP-04|SRC-010:DEP-05|SRC-010:DEP-07","EvidenceUseAssessment.audit_event_refs; exposed where relevant in Scenario/Product/Assurance","synthetic-restricted","DESIGN-HYPOTHESIS","[]"
"EvidenceUseAssessment","evidence_id","证据","evidence id","evidence id","string","Always present on each object record","false","ref:Evidence","Reference to Evidence.","IA §7.2/7.3/7.4 and D2 §8 seeds; field-level implementation is proposed","SRC-009:7|SRC-010:8","ROLE-KYCOPS","State reducer after configured demo action","Must resolve Evidence and same case/scope; explicit revision where used","Increment material revision; retain prior assessment/decision/event; new snapshots immutable","SRC-010:DEP-04|SRC-010:DEP-05|SRC-010:DEP-07","EvidenceUseAssessment.evidence_id; exposed where relevant in Scenario/Product/Assurance","synthetic-restricted","DESIGN-HYPOTHESIS","""DEMO-CTT-001/evidence/registry"""
"EvidenceUseAssessment","evidence_revision","证据版本","evidence revision","evidence revision","integer","Always present on each object record","false","","证据版本; increment for material revisions.","IA §7.2/7.3/7.4 and D2 §8 seeds; field-level implementation is proposed","SRC-009:7|SRC-010:8","ROLE-KYCOPS","State reducer after configured demo action","JSON type + enum/conditional constraints; no empty strings for unknown","Increment material revision; retain prior assessment/decision/event; new snapshots immutable","SRC-010:DEP-04|SRC-010:DEP-05|SRC-010:DEP-07","EvidenceUseAssessment.evidence_revision; exposed where relevant in Scenario/Product/Assurance","synthetic-restricted","DESIGN-HYPOTHESIS","1"
"EvidenceUseAssessment","requirement_id","要求","requirement id","requirement id","string","Always present on each object record","false","ref:Requirement","Reference to Requirement.","IA §7.2/7.3/7.4 and D2 §8 seeds; field-level implementation is proposed","SRC-009:7|SRC-010:8","ROLE-KYCOPS","State reducer after configured demo action","Must resolve Requirement and same case/scope; explicit revision where used","Increment material revision; retain prior assessment/decision/event; new snapshots immutable","SRC-010:DEP-04|SRC-010:DEP-05|SRC-010:DEP-07","EvidenceUseAssessment.requirement_id; exposed where relevant in Scenario/Product/Assurance","synthetic-restricted","DESIGN-HYPOTHESIS","""DEMO-CTT-001/requirement/identity"""
"EvidenceUseAssessment","subject_id","用途主体","subject id","subject id","string","Always present on each object record","false","ref:Entity","Reference to Entity.","IA §7.2/7.3/7.4 and D2 §8 seeds; field-level implementation is proposed","SRC-009:7|SRC-010:8","ROLE-KYCOPS","State reducer after configured demo action","Must resolve Entity and same case/scope; explicit revision where used","Increment material revision; retain prior assessment/decision/event; new snapshots immutable","SRC-010:DEP-04|SRC-010:DEP-05|SRC-010:DEP-07","EvidenceUseAssessment.subject_id; exposed where relevant in Scenario/Product/Assurance","synthetic-restricted","DESIGN-HYPOTHESIS","""DEMO-CTT-001/entity/harbour"""
"EvidenceUseAssessment","purpose_code","用途","purpose code","purpose code","string","Always present on each object record","false","","Exact purpose of this assessment.","IA §7.2/7.3/7.4 and D2 §8 seeds; field-level implementation is proposed","SRC-009:7|SRC-010:8","ROLE-KYCOPS","State reducer after configured demo action","JSON type + enum/conditional constraints; no empty strings for unknown","Increment material revision; retain prior assessment/decision/event; new snapshots immutable","SRC-010:DEP-04|SRC-010:DEP-05|SRC-010:DEP-07","EvidenceUseAssessment.purpose_code; exposed where relevant in Scenario/Product/Assurance","synthetic-restricted","DESIGN-HYPOTHESIS","""entity_identity"""
"EvidenceUseAssessment","sufficiency","充分性","sufficiency","sufficiency","string","Always present on each object record","false","not_assessed|sufficient|insufficient|unknown","Explicit 充分性 independent of other object states.","IA §7.2/7.3/7.4 and D2 §8 seeds; field-level implementation is proposed","SRC-009:7|SRC-010:8","ROLE-KYCOPS","State reducer after configured demo action","JSON type + enum/conditional constraints; no empty strings for unknown","Increment material revision; retain prior assessment/decision/event; new snapshots immutable","SRC-010:DEP-04|SRC-010:DEP-05|SRC-010:DEP-07","EvidenceUseAssessment.sufficiency; exposed where relevant in Scenario/Product/Assurance","synthetic-restricted","DESIGN-HYPOTHESIS","""not_assessed"""
"EvidenceUseAssessment","reason_code","原因","reason code","reason code","string|null","When sufficiency is not sufficient; key always present","true","","Required unless sufficient.","IA §7.2/7.3/7.4 and D2 §8 seeds; field-level implementation is proposed","SRC-009:7|SRC-010:8","ROLE-KYCOPS","State reducer after configured demo action","JSON type + enum/conditional constraints; no empty strings for unknown","Increment material revision; retain prior assessment/decision/event; new snapshots immutable","SRC-010:DEP-04|SRC-010:DEP-05|SRC-010:DEP-07","EvidenceUseAssessment.reason_code; exposed where relevant in Scenario/Product/Assurance","synthetic-restricted","DESIGN-HYPOTHESIS","""awaiting_purpose_review"""
"EvidenceUseAssessment","basis_refs","判断依据","basis refs","basis refs","array","At least one when sufficiency sufficient/insufficient; key always present","false","","Evidence, source or local rule refs; required for determinate judgments.","IA §7.2/7.3/7.4 and D2 §8 seeds; field-level implementation is proposed","SRC-009:7|SRC-010:8","ROLE-KYCOPS","State reducer after configured demo action","JSON type + enum/conditional constraints; no empty strings for unknown","Increment material revision; retain prior assessment/decision/event; new snapshots immutable","SRC-010:DEP-04|SRC-010:DEP-05|SRC-010:DEP-07","EvidenceUseAssessment.basis_refs; exposed where relevant in Scenario/Product/Assurance","synthetic-restricted","DESIGN-HYPOTHESIS","[]"
"EvidenceUseAssessment","assessed_by_ref","评估者","assessed by ref","assessed by ref","string|null","Non-null when sufficiency sufficient/insufficient; otherwise null allowed","true","","Synthetic actor role required for completed assessment.","IA §7.2/7.3/7.4 and D2 §8 seeds; field-level implementation is proposed","SRC-009:7|SRC-010:8","ROLE-KYCOPS","State reducer after configured demo action","JSON type + enum/conditional constraints; no empty strings for unknown","Increment material revision; retain prior assessment/decision/event; new snapshots immutable","SRC-010:DEP-04|SRC-010:DEP-05|SRC-010:DEP-07","EvidenceUseAssessment.assessed_by_ref; exposed where relevant in Scenario/Product/Assurance","synthetic-restricted","DESIGN-HYPOTHESIS","null"
"EvidenceUseAssessment","authority_ref","判断授权","authority ref","authority ref","string|null","Non-null when recording a permitted demo judgment; unknown bank authority never grants permission","true","ref:Authority","Null does not grant permission.","IA §7.2/7.3/7.4 and D2 §8 seeds; field-level implementation is proposed","SRC-009:7|SRC-010:8","ROLE-KYCOPS","State reducer after configured demo action","Must resolve Authority and same case/scope; explicit revision where used","Increment material revision; retain prior assessment/decision/event; new snapshots immutable","SRC-010:DEP-04|SRC-010:DEP-05|SRC-010:DEP-07","EvidenceUseAssessment.authority_ref; exposed where relevant in Scenario/Product/Assurance","synthetic-restricted","DESIGN-HYPOTHESIS","""DEMO-CTT-001/authority/demo-reviewer"""
"EvidenceUseAssessment","assessed_at","评估时间","assessed at","assessed at","string|null","Non-null when sufficiency sufficient/insufficient; otherwise null allowed","true","date-time","UTC time required when assessment completed.","IA §7.2/7.3/7.4 and D2 §8 seeds; field-level implementation is proposed","SRC-009:7|SRC-010:8","ROLE-KYCOPS","State reducer after configured demo action","JSON type + enum/conditional constraints; no empty strings for unknown","Increment material revision; retain prior assessment/decision/event; new snapshots immutable","SRC-010:DEP-04|SRC-010:DEP-05|SRC-010:DEP-07","EvidenceUseAssessment.assessed_at; exposed where relevant in Scenario/Product/Assurance","synthetic-restricted","DESIGN-HYPOTHESIS","null"
"EvidenceUseAssessment","design_rule_ref","演示规则","design rule ref","design rule ref","string","Always present on each object record","false","","Explicit demo-only assessment rule.","IA §7.2/7.3/7.4 and D2 §8 seeds; field-level implementation is proposed","SRC-009:7|SRC-010:8","ROLE-KYCOPS","State reducer after configured demo action","JSON type + enum/conditional constraints; no empty strings for unknown","Increment material revision; retain prior assessment/decision/event; new snapshots immutable","SRC-010:DEP-04|SRC-010:DEP-05|SRC-010:DEP-07","EvidenceUseAssessment.design_rule_ref; exposed where relevant in Scenario/Product/Assurance","synthetic-restricted","DESIGN-HYPOTHESIS","""DEMO-CTT-001/rule/purpose-review-v1"""
"EvidenceUseAssessment","supersedes_assessment_ref","前次评估","supersedes assessment ref","supersedes assessment ref","string|null","Non-null on reassessment revision >1; first revision null","true","ref:EvidenceUseAssessment","Null at revision 1; preserve prior judgment on reassessment.","IA §7.2/7.3/7.4 and D2 §8 seeds; field-level implementation is proposed","SRC-009:7|SRC-010:8","ROLE-KYCOPS","State reducer after configured demo action","Must resolve EvidenceUseAssessment and same case/scope; explicit revision where used","Increment material revision; retain prior assessment/decision/event; new snapshots immutable","SRC-010:DEP-04|SRC-010:DEP-05|SRC-010:DEP-07","EvidenceUseAssessment.supersedes_assessment_ref; exposed where relevant in Scenario/Product/Assurance","synthetic-restricted","DESIGN-HYPOTHESIS","null"
"WorkItem","id","稳定编号","id","id","string","Always present on each object record","false","","Stable synthetic local identifier.","IA §7.2/7.3/7.4 and D2 §8 seeds; field-level implementation is proposed","SRC-009:7|SRC-010:8","ROLE-KYCOPS","State reducer after configured demo action","JSON type + enum/conditional constraints; no empty strings for unknown","Increment material revision; retain prior assessment/decision/event; new snapshots immutable","See source-scoped dependency records","WorkItem.id; exposed where relevant in Scenario/Product/Assurance","synthetic-restricted","DESIGN-HYPOTHESIS","""DEMO-CTT-001/work/requirements"""
"WorkItem","case_id","案件","case id","case id","string","Always present on each object record","false","ref:Case","Reference to Case.","IA §7.2/7.3/7.4 and D2 §8 seeds; field-level implementation is proposed","SRC-009:7|SRC-010:8","ROLE-KYCOPS","State reducer after configured demo action","Must resolve Case and same case/scope; explicit revision where used","Increment material revision; retain prior assessment/decision/event; new snapshots immutable","See source-scoped dependency records","WorkItem.case_id; exposed where relevant in Scenario/Product/Assurance","synthetic-restricted","DESIGN-HYPOTHESIS","""DEMO-CTT-001"""
"WorkItem","case_scope_id","案件范围","case scope id","case scope id","string","Always present on each object record","false","ref:Scope","Reference to Scope.","IA §7.2/7.3/7.4 and D2 §8 seeds; field-level implementation is proposed","SRC-009:7|SRC-010:8","ROLE-KYCOPS","State reducer after configured demo action","Must resolve Scope and same case/scope; explicit revision where used","Increment material revision; retain prior assessment/decision/event; new snapshots immutable","See source-scoped dependency records","WorkItem.case_scope_id; exposed where relevant in Scenario/Product/Assurance","synthetic-restricted","DESIGN-HYPOTHESIS","""DEMO-CTT-001/scope/institutional"""
"WorkItem","revision","版本","revision","revision","integer","Always present on each object record","false","","版本; increment for material revisions.","IA §7.2/7.3/7.4 and D2 §8 seeds; field-level implementation is proposed","SRC-009:7|SRC-010:8","ROLE-KYCOPS","State reducer after configured demo action","JSON type + enum/conditional constraints; no empty strings for unknown","Increment material revision; retain prior assessment/decision/event; new snapshots immutable","See source-scoped dependency records","WorkItem.revision; exposed where relevant in Scenario/Product/Assurance","synthetic-restricted","DESIGN-HYPOTHESIS","1"
"WorkItem","supersedes_ref","前版本","supersedes ref","supersedes ref","string|null","Always present on each object record","true","ref:Any","Previous immutable record reference, null for first revision.","IA §7.2/7.3/7.4 and D2 §8 seeds; field-level implementation is proposed","SRC-009:7|SRC-010:8","ROLE-KYCOPS","State reducer after configured demo action","Must resolve Any and same case/scope; explicit revision where used","Increment material revision; retain prior assessment/decision/event; new snapshots immutable","See source-scoped dependency records","WorkItem.supersedes_ref; exposed where relevant in Scenario/Product/Assurance","synthetic-restricted","DESIGN-HYPOTHESIS","null"
"WorkItem","source_refs","设计依据","source refs","source refs","array","Always present on each object record","false","","Registered design sources; distinct from synthetic evidence provenance.","IA §7.2/7.3/7.4 and D2 §8 seeds; field-level implementation is proposed","SRC-009:7|SRC-010:8","ROLE-KYCOPS","State reducer after configured demo action","JSON type + enum/conditional constraints; no empty strings for unknown","Increment material revision; retain prior assessment/decision/event; new snapshots immutable","See source-scoped dependency records","WorkItem.source_refs; exposed where relevant in Scenario/Product/Assurance","synthetic-restricted","DESIGN-HYPOTHESIS","[""SRC-009"",""SRC-010""]"
"WorkItem","source_status","来源状态","source status","source status","string","Always present on each object record","false","USER-CONFIRMED|SOURCE-SUPPORTED|INDUSTRY-REFERENCE|DESIGN-HYPOTHESIS|SYNTHETIC|OPEN|SUPERSEDED","Explicit 来源状态 independent of other object states.","IA §7.2/7.3/7.4 and D2 §8 seeds; field-level implementation is proposed","SRC-009:7|SRC-010:8","ROLE-KYCOPS","State reducer after configured demo action","JSON type + enum/conditional constraints; no empty strings for unknown","Increment material revision; retain prior assessment/decision/event; new snapshots immutable","See source-scoped dependency records","WorkItem.source_status; exposed where relevant in Scenario/Product/Assurance","synthetic-restricted","DESIGN-HYPOTHESIS","""SYNTHETIC"""
"WorkItem","simulation_flag","合成标记","simulation flag","simulation flag","boolean","Always present on each object record","false","","Always true for Round A business records.","IA §7.2/7.3/7.4 and D2 §8 seeds; field-level implementation is proposed","SRC-009:7|SRC-010:8","ROLE-KYCOPS","State reducer after configured demo action","JSON type + enum/conditional constraints; no empty strings for unknown","Increment material revision; retain prior assessment/decision/event; new snapshots immutable","See source-scoped dependency records","WorkItem.simulation_flag; exposed where relevant in Scenario/Product/Assurance","synthetic-restricted","DESIGN-HYPOTHESIS","true"
"WorkItem","owner_role","责任角色","owner role","owner role","string","Always present on each object record","false","","Synthetic role assignment, not bank delegation.","IA §7.2/7.3/7.4 and D2 §8 seeds; field-level implementation is proposed","SRC-009:7|SRC-010:8","ROLE-KYCOPS","State reducer after configured demo action","JSON type + enum/conditional constraints; no empty strings for unknown","Increment material revision; retain prior assessment/decision/event; new snapshots immutable","See source-scoped dependency records","WorkItem.owner_role; exposed where relevant in Scenario/Product/Assurance","synthetic-restricted","DESIGN-HYPOTHESIS","""ROLE-KYCOPS"""
"WorkItem","validation_owner","验证负责人","validation owner","validation owner","string","Always present on each object record","false","","Working review owner.","IA §7.2/7.3/7.4 and D2 §8 seeds; field-level implementation is proposed","SRC-009:7|SRC-010:8","ROLE-KYCOPS","State reducer after configured demo action","JSON type + enum/conditional constraints; no empty strings for unknown","Increment material revision; retain prior assessment/decision/event; new snapshots immutable","See source-scoped dependency records","WorkItem.validation_owner; exposed where relevant in Scenario/Product/Assurance","synthetic-restricted","DESIGN-HYPOTHESIS","""Christina"""
"WorkItem","authority_status","权限状态","authority status","authority status","string","Always present on each object record","false","demo_configured|unknown|not_applicable","Explicit 权限状态 independent of other object states.","IA §7.2/7.3/7.4 and D2 §8 seeds; field-level implementation is proposed","SRC-009:7|SRC-010:8","ROLE-KYCOPS","State reducer after configured demo action","JSON type + enum/conditional constraints; no empty strings for unknown","Increment material revision; retain prior assessment/decision/event; new snapshots immutable","See source-scoped dependency records","WorkItem.authority_status; exposed where relevant in Scenario/Product/Assurance","synthetic-restricted","DESIGN-HYPOTHESIS","""unknown"""
"WorkItem","sensitivity","敏感等级","sensitivity","sensitivity","string","Always present on each object record","false","synthetic-restricted","Explicit 敏感等级 independent of other object states.","IA §7.2/7.3/7.4 and D2 §8 seeds; field-level implementation is proposed","SRC-009:7|SRC-010:8","ROLE-KYCOPS","State reducer after configured demo action","JSON type + enum/conditional constraints; no empty strings for unknown","Increment material revision; retain prior assessment/decision/event; new snapshots immutable","See source-scoped dependency records","WorkItem.sensitivity; exposed where relevant in Scenario/Product/Assurance","synthetic-restricted","DESIGN-HYPOTHESIS","""synthetic-restricted"""
"WorkItem","created_at","创建时间","created at","created at","string","Always present on each object record","false","date-time","UTC timestamp for authored synthetic data.","IA §7.2/7.3/7.4 and D2 §8 seeds; field-level implementation is proposed","SRC-009:7|SRC-010:8","ROLE-KYCOPS","State reducer after configured demo action","JSON type + enum/conditional constraints; no empty strings for unknown","Increment material revision; retain prior assessment/decision/event; new snapshots immutable","See source-scoped dependency records","WorkItem.created_at; exposed where relevant in Scenario/Product/Assurance","synthetic-restricted","DESIGN-HYPOTHESIS","""2026-09-07T00:00:00Z"""
"WorkItem","updated_at","更新时间","updated at","updated at","string","Always present on each object record","false","date-time","UTC timestamp; display locale never changes the value.","IA §7.2/7.3/7.4 and D2 §8 seeds; field-level implementation is proposed","SRC-009:7|SRC-010:8","ROLE-KYCOPS","State reducer after configured demo action","JSON type + enum/conditional constraints; no empty strings for unknown","Increment material revision; retain prior assessment/decision/event; new snapshots immutable","See source-scoped dependency records","WorkItem.updated_at; exposed where relevant in Scenario/Product/Assurance","synthetic-restricted","DESIGN-HYPOTHESIS","""2026-09-07T00:00:00Z"""
"WorkItem","as_of","资料时点","as of","as of","string","Always present on each object record","false","date-time","UTC currency of this authored record.","IA §7.2/7.3/7.4 and D2 §8 seeds; field-level implementation is proposed","SRC-009:7|SRC-010:8","ROLE-KYCOPS","State reducer after configured demo action","JSON type + enum/conditional constraints; no empty strings for unknown","Increment material revision; retain prior assessment/decision/event; new snapshots immutable","See source-scoped dependency records","WorkItem.as_of; exposed where relevant in Scenario/Product/Assurance","synthetic-restricted","DESIGN-HYPOTHESIS","""2026-09-07T00:00:00Z"""
"WorkItem","question_ref","待确认问题","question ref","question ref","string|null","Non-null when policy/applicability/authority unknown; all keys present","true","","Required when bank authority or policy is unknown.","IA §7.2/7.3/7.4 and D2 §8 seeds; field-level implementation is proposed","SRC-009:7|SRC-010:8","ROLE-KYCOPS","State reducer after configured demo action","JSON type + enum/conditional constraints; no empty strings for unknown","Increment material revision; retain prior assessment/decision/event; new snapshots immutable","See source-scoped dependency records","WorkItem.question_ref; exposed where relevant in Scenario/Product/Assurance","synthetic-restricted","DESIGN-HYPOTHESIS","""ROUND-A-Q-AUTHORITY"""
"WorkItem","audit_event_refs","审计事件","audit event refs","audit event refs","array","Always present on each object record","false","ref:AuditEvent","References to AuditEvent.","IA §7.2/7.3/7.4 and D2 §8 seeds; field-level implementation is proposed","SRC-009:7|SRC-010:8","ROLE-KYCOPS","State reducer after configured demo action","Must resolve AuditEvent and same case/scope; explicit revision where used","Increment material revision; retain prior assessment/decision/event; new snapshots immutable","See source-scoped dependency records","WorkItem.audit_event_refs; exposed where relevant in Scenario/Product/Assurance","synthetic-restricted","DESIGN-HYPOTHESIS","[]"
"WorkItem","activity_id","源活动","activity id","activity id","string","Always present on each object record","false","","Source-scoped activity reference.","IA §7.2/7.3/7.4 and D2 §8 seeds; field-level implementation is proposed","SRC-009:7|SRC-010:8","ROLE-KYCOPS","State reducer after configured demo action","JSON type + enum/conditional constraints; no empty strings for unknown","Increment material revision; retain prior assessment/decision/event; new snapshots immutable","See source-scoped dependency records","WorkItem.activity_id; exposed where relevant in Scenario/Product/Assurance","synthetic-restricted","DESIGN-HYPOTHESIS","""SRC-007:slide2:Target:M2.1-M2.5"""
"WorkItem","scenario_id","场景","scenario id","scenario id","string","Always present on each object record","false","","Preserved SCN alias.","IA §7.2/7.3/7.4 and D2 §8 seeds; field-level implementation is proposed","SRC-009:7|SRC-010:8","ROLE-KYCOPS","State reducer after configured demo action","JSON type + enum/conditional constraints; no empty strings for unknown","Increment material revision; retain prior assessment/decision/event; new snapshots immutable","See source-scoped dependency records","WorkItem.scenario_id; exposed where relevant in Scenario/Product/Assurance","synthetic-restricted","DESIGN-HYPOTHESIS","""SCN-REQUIREMENTS"""
"WorkItem","requirement_ids","关联要求","requirement ids","requirement ids","array","Always present on each object record","false","ref:Requirement","References to Requirement.","IA §7.2/7.3/7.4 and D2 §8 seeds; field-level implementation is proposed","SRC-009:7|SRC-010:8","ROLE-KYCOPS","State reducer after configured demo action","Must resolve Requirement and same case/scope; explicit revision where used","Increment material revision; retain prior assessment/decision/event; new snapshots immutable","See source-scoped dependency records","WorkItem.requirement_ids; exposed where relevant in Scenario/Product/Assurance","synthetic-restricted","DESIGN-HYPOTHESIS","[""DEMO-CTT-001/requirement/identity"",""DEMO-CTT-001/requirement/screening-purpose""]"
"WorkItem","status","任务状态","status","status","string","Always present on each object record","false","ready|awaiting_input|awaiting_review|in_progress|completed|paused|referred|awaiting_response","Work state; awaiting_response identifies a recorded residual request waiting for its named client response, distinct from input prerequisites before sending.","IA §7.2/7.3/7.4 and D2 §8 seeds; field-level implementation is proposed","SRC-009:7|SRC-010:8","ROLE-KYCOPS","State reducer after configured demo action","JSON type + enum/conditional constraints; no empty strings for unknown","Increment material revision; retain prior assessment/decision/event; new snapshots immutable","See source-scoped dependency records","WorkItem.status; exposed where relevant in Scenario/Product/Assurance","synthetic-restricted","DESIGN-HYPOTHESIS","""ready"""
"WorkItem","waiting_for","等待对象字段","waiting for","waiting for","string|null","Always present on each object record","true","","Exact object/field/response; null only when no wait.","IA §7.2/7.3/7.4 and D2 §8 seeds; field-level implementation is proposed","SRC-009:7|SRC-010:8","ROLE-KYCOPS","State reducer after configured demo action","JSON type + enum/conditional constraints; no empty strings for unknown","Increment material revision; retain prior assessment/decision/event; new snapshots immutable","See source-scoped dependency records","WorkItem.waiting_for; exposed where relevant in Scenario/Product/Assurance","synthetic-restricted","DESIGN-HYPOTHESIS","null"
"WorkItem","input_refs","输入","input refs","input refs","array","Always present on each object record","false","ref:Any","References to Any.","IA §7.2/7.3/7.4 and D2 §8 seeds; field-level implementation is proposed","SRC-009:7|SRC-010:8","ROLE-KYCOPS","State reducer after configured demo action","Must resolve Any and same case/scope; explicit revision where used","Increment material revision; retain prior assessment/decision/event; new snapshots immutable","See source-scoped dependency records","WorkItem.input_refs; exposed where relevant in Scenario/Product/Assurance","synthetic-restricted","DESIGN-HYPOTHESIS","[""DEMO-CTT-001/scope/institutional""]"
"WorkItem","output_refs","输出","output refs","output refs","array","Always present on each object record","false","ref:Any","References to Any.","IA §7.2/7.3/7.4 and D2 §8 seeds; field-level implementation is proposed","SRC-009:7|SRC-010:8","ROLE-KYCOPS","State reducer after configured demo action","Must resolve Any and same case/scope; explicit revision where used","Increment material revision; retain prior assessment/decision/event; new snapshots immutable","See source-scoped dependency records","WorkItem.output_refs; exposed where relevant in Scenario/Product/Assurance","synthetic-restricted","DESIGN-HYPOTHESIS","[""DEMO-CTT-001/requirement/identity"",""DEMO-CTT-001/requirement/screening-purpose""]"
"WorkItem","action_revision","动作版本","action revision","action revision","integer","Always present on each object record","false","","动作版本; increment for material revisions.","IA §7.2/7.3/7.4 and D2 §8 seeds; field-level implementation is proposed","SRC-009:7|SRC-010:8","ROLE-KYCOPS","State reducer after configured demo action","JSON type + enum/conditional constraints; no empty strings for unknown","Increment material revision; retain prior assessment/decision/event; new snapshots immutable","See source-scoped dependency records","WorkItem.action_revision; exposed where relevant in Scenario/Product/Assurance","synthetic-restricted","DESIGN-HYPOTHESIS","1"
"WorkItem","hold_scope","暂停范围","hold scope","hold scope","string","Always present on each object record","false","task|linked_requirement|case_scope|none","Explicit 暂停范围 independent of other object states.","IA §7.2/7.3/7.4 and D2 §8 seeds; field-level implementation is proposed","SRC-009:7|SRC-010:8","ROLE-KYCOPS","State reducer after configured demo action","JSON type + enum/conditional constraints; no empty strings for unknown","Increment material revision; retain prior assessment/decision/event; new snapshots immutable","See source-scoped dependency records","WorkItem.hold_scope; exposed where relevant in Scenario/Product/Assurance","synthetic-restricted","DESIGN-HYPOTHESIS","""none"""
"WorkItem","next_owner","下一责任角色","next owner","next owner","string","Always present on each object record","false","","Synthetic role that can supply the next input.","IA §7.2/7.3/7.4 and D2 §8 seeds; field-level implementation is proposed","SRC-009:7|SRC-010:8","ROLE-KYCOPS","State reducer after configured demo action","JSON type + enum/conditional constraints; no empty strings for unknown","Increment material revision; retain prior assessment/decision/event; new snapshots immutable","See source-scoped dependency records","WorkItem.next_owner; exposed where relevant in Scenario/Product/Assurance","synthetic-restricted","DESIGN-HYPOTHESIS","""ROLE-KYCOPS"""
"Dependency","id","稳定编号","id","id","string","Always present on each object record","false","","Stable synthetic local identifier.","IA §7.2/7.3/7.4 and D2 §8 seeds; field-level implementation is proposed","SRC-009:7|SRC-010:8","ROLE-KYCOPS","State reducer after configured demo action","JSON type + enum/conditional constraints; no empty strings for unknown","Increment material revision; retain prior assessment/decision/event; new snapshots immutable","See source-scoped dependency records","Dependency.id; exposed where relevant in Scenario/Product/Assurance","synthetic-restricted","DESIGN-HYPOTHESIS","""DEMO-CTT-001/dependency/d2-04-1"""
"Dependency","case_id","案件","case id","case id","string","Always present on each object record","false","ref:Case","Reference to Case.","IA §7.2/7.3/7.4 and D2 §8 seeds; field-level implementation is proposed","SRC-009:7|SRC-010:8","ROLE-KYCOPS","State reducer after configured demo action","Must resolve Case and same case/scope; explicit revision where used","Increment material revision; retain prior assessment/decision/event; new snapshots immutable","See source-scoped dependency records","Dependency.case_id; exposed where relevant in Scenario/Product/Assurance","synthetic-restricted","DESIGN-HYPOTHESIS","""DEMO-CTT-001"""
"Dependency","case_scope_id","案件范围","case scope id","case scope id","string","Always present on each object record","false","ref:Scope","Reference to Scope.","IA §7.2/7.3/7.4 and D2 §8 seeds; field-level implementation is proposed","SRC-009:7|SRC-010:8","ROLE-KYCOPS","State reducer after configured demo action","Must resolve Scope and same case/scope; explicit revision where used","Increment material revision; retain prior assessment/decision/event; new snapshots immutable","See source-scoped dependency records","Dependency.case_scope_id; exposed where relevant in Scenario/Product/Assurance","synthetic-restricted","DESIGN-HYPOTHESIS","""DEMO-CTT-001/scope/institutional"""
"Dependency","revision","版本","revision","revision","integer","Always present on each object record","false","","版本; increment for material revisions.","IA §7.2/7.3/7.4 and D2 §8 seeds; field-level implementation is proposed","SRC-009:7|SRC-010:8","ROLE-KYCOPS","State reducer after configured demo action","JSON type + enum/conditional constraints; no empty strings for unknown","Increment material revision; retain prior assessment/decision/event; new snapshots immutable","See source-scoped dependency records","Dependency.revision; exposed where relevant in Scenario/Product/Assurance","synthetic-restricted","DESIGN-HYPOTHESIS","1"
"Dependency","supersedes_ref","前版本","supersedes ref","supersedes ref","string|null","Always present on each object record","true","ref:Any","Previous immutable record reference, null for first revision.","IA §7.2/7.3/7.4 and D2 §8 seeds; field-level implementation is proposed","SRC-009:7|SRC-010:8","ROLE-KYCOPS","State reducer after configured demo action","Must resolve Any and same case/scope; explicit revision where used","Increment material revision; retain prior assessment/decision/event; new snapshots immutable","See source-scoped dependency records","Dependency.supersedes_ref; exposed where relevant in Scenario/Product/Assurance","synthetic-restricted","DESIGN-HYPOTHESIS","null"
"Dependency","source_refs","设计依据","source refs","source refs","array","Always present on each object record","false","","Registered design sources; distinct from synthetic evidence provenance.","IA §7.2/7.3/7.4 and D2 §8 seeds; field-level implementation is proposed","SRC-009:7|SRC-010:8","ROLE-KYCOPS","State reducer after configured demo action","JSON type + enum/conditional constraints; no empty strings for unknown","Increment material revision; retain prior assessment/decision/event; new snapshots immutable","See source-scoped dependency records","Dependency.source_refs; exposed where relevant in Scenario/Product/Assurance","synthetic-restricted","DESIGN-HYPOTHESIS","[""SRC-009"",""SRC-010""]"
"Dependency","source_status","来源状态","source status","source status","string","Always present on each object record","false","USER-CONFIRMED|SOURCE-SUPPORTED|INDUSTRY-REFERENCE|DESIGN-HYPOTHESIS|SYNTHETIC|OPEN|SUPERSEDED","Explicit 来源状态 independent of other object states.","IA §7.2/7.3/7.4 and D2 §8 seeds; field-level implementation is proposed","SRC-009:7|SRC-010:8","ROLE-KYCOPS","State reducer after configured demo action","JSON type + enum/conditional constraints; no empty strings for unknown","Increment material revision; retain prior assessment/decision/event; new snapshots immutable","See source-scoped dependency records","Dependency.source_status; exposed where relevant in Scenario/Product/Assurance","synthetic-restricted","DESIGN-HYPOTHESIS","""SYNTHETIC"""
"Dependency","simulation_flag","合成标记","simulation flag","simulation flag","boolean","Always present on each object record","false","","Always true for Round A business records.","IA §7.2/7.3/7.4 and D2 §8 seeds; field-level implementation is proposed","SRC-009:7|SRC-010:8","ROLE-KYCOPS","State reducer after configured demo action","JSON type + enum/conditional constraints; no empty strings for unknown","Increment material revision; retain prior assessment/decision/event; new snapshots immutable","See source-scoped dependency records","Dependency.simulation_flag; exposed where relevant in Scenario/Product/Assurance","synthetic-restricted","DESIGN-HYPOTHESIS","true"
"Dependency","owner_role","责任角色","owner role","owner role","string","Always present on each object record","false","","Synthetic role assignment, not bank delegation.","IA §7.2/7.3/7.4 and D2 §8 seeds; field-level implementation is proposed","SRC-009:7|SRC-010:8","ROLE-KYCOPS","State reducer after configured demo action","JSON type + enum/conditional constraints; no empty strings for unknown","Increment material revision; retain prior assessment/decision/event; new snapshots immutable","See source-scoped dependency records","Dependency.owner_role; exposed where relevant in Scenario/Product/Assurance","synthetic-restricted","DESIGN-HYPOTHESIS","""ROLE-KYCOPS"""
"Dependency","validation_owner","验证负责人","validation owner","validation owner","string","Always present on each object record","false","","Working review owner.","IA §7.2/7.3/7.4 and D2 §8 seeds; field-level implementation is proposed","SRC-009:7|SRC-010:8","ROLE-KYCOPS","State reducer after configured demo action","JSON type + enum/conditional constraints; no empty strings for unknown","Increment material revision; retain prior assessment/decision/event; new snapshots immutable","See source-scoped dependency records","Dependency.validation_owner; exposed where relevant in Scenario/Product/Assurance","synthetic-restricted","DESIGN-HYPOTHESIS","""Christina"""
"Dependency","authority_status","权限状态","authority status","authority status","string","Always present on each object record","false","demo_configured|unknown|not_applicable","Explicit 权限状态 independent of other object states.","IA §7.2/7.3/7.4 and D2 §8 seeds; field-level implementation is proposed","SRC-009:7|SRC-010:8","ROLE-KYCOPS","State reducer after configured demo action","JSON type + enum/conditional constraints; no empty strings for unknown","Increment material revision; retain prior assessment/decision/event; new snapshots immutable","See source-scoped dependency records","Dependency.authority_status; exposed where relevant in Scenario/Product/Assurance","synthetic-restricted","DESIGN-HYPOTHESIS","""unknown"""
"Dependency","sensitivity","敏感等级","sensitivity","sensitivity","string","Always present on each object record","false","synthetic-restricted","Explicit 敏感等级 independent of other object states.","IA §7.2/7.3/7.4 and D2 §8 seeds; field-level implementation is proposed","SRC-009:7|SRC-010:8","ROLE-KYCOPS","State reducer after configured demo action","JSON type + enum/conditional constraints; no empty strings for unknown","Increment material revision; retain prior assessment/decision/event; new snapshots immutable","See source-scoped dependency records","Dependency.sensitivity; exposed where relevant in Scenario/Product/Assurance","synthetic-restricted","DESIGN-HYPOTHESIS","""synthetic-restricted"""
"Dependency","created_at","创建时间","created at","created at","string","Always present on each object record","false","date-time","UTC timestamp for authored synthetic data.","IA §7.2/7.3/7.4 and D2 §8 seeds; field-level implementation is proposed","SRC-009:7|SRC-010:8","ROLE-KYCOPS","State reducer after configured demo action","JSON type + enum/conditional constraints; no empty strings for unknown","Increment material revision; retain prior assessment/decision/event; new snapshots immutable","See source-scoped dependency records","Dependency.created_at; exposed where relevant in Scenario/Product/Assurance","synthetic-restricted","DESIGN-HYPOTHESIS","""2026-09-07T00:00:00Z"""
"Dependency","updated_at","更新时间","updated at","updated at","string","Always present on each object record","false","date-time","UTC timestamp; display locale never changes the value.","IA §7.2/7.3/7.4 and D2 §8 seeds; field-level implementation is proposed","SRC-009:7|SRC-010:8","ROLE-KYCOPS","State reducer after configured demo action","JSON type + enum/conditional constraints; no empty strings for unknown","Increment material revision; retain prior assessment/decision/event; new snapshots immutable","See source-scoped dependency records","Dependency.updated_at; exposed where relevant in Scenario/Product/Assurance","synthetic-restricted","DESIGN-HYPOTHESIS","""2026-09-07T00:00:00Z"""
"Dependency","as_of","资料时点","as of","as of","string","Always present on each object record","false","date-time","UTC currency of this authored record.","IA §7.2/7.3/7.4 and D2 §8 seeds; field-level implementation is proposed","SRC-009:7|SRC-010:8","ROLE-KYCOPS","State reducer after configured demo action","JSON type + enum/conditional constraints; no empty strings for unknown","Increment material revision; retain prior assessment/decision/event; new snapshots immutable","See source-scoped dependency records","Dependency.as_of; exposed where relevant in Scenario/Product/Assurance","synthetic-restricted","DESIGN-HYPOTHESIS","""2026-09-07T00:00:00Z"""
"Dependency","question_ref","待确认问题","question ref","question ref","string|null","Non-null when policy/applicability/authority unknown; all keys present","true","","Required when bank authority or policy is unknown.","IA §7.2/7.3/7.4 and D2 §8 seeds; field-level implementation is proposed","SRC-009:7|SRC-010:8","ROLE-KYCOPS","State reducer after configured demo action","JSON type + enum/conditional constraints; no empty strings for unknown","Increment material revision; retain prior assessment/decision/event; new snapshots immutable","See source-scoped dependency records","Dependency.question_ref; exposed where relevant in Scenario/Product/Assurance","synthetic-restricted","DESIGN-HYPOTHESIS","""ROUND-A-Q-AUTHORITY"""
"Dependency","audit_event_refs","审计事件","audit event refs","audit event refs","array","Always present on each object record","false","ref:AuditEvent","References to AuditEvent.","IA §7.2/7.3/7.4 and D2 §8 seeds; field-level implementation is proposed","SRC-009:7|SRC-010:8","ROLE-KYCOPS","State reducer after configured demo action","Must resolve AuditEvent and same case/scope; explicit revision where used","Increment material revision; retain prior assessment/decision/event; new snapshots immutable","See source-scoped dependency records","Dependency.audit_event_refs; exposed where relevant in Scenario/Product/Assurance","synthetic-restricted","DESIGN-HYPOTHESIS","[]"
"Dependency","source_key","源限定依赖","source key","source key","string","Always present on each object record","false","","SRC-010:DEP-nn; bare DEP keys are ambiguous.","IA §7.2/7.3/7.4 and D2 §8 seeds; field-level implementation is proposed","SRC-009:7|SRC-010:8","ROLE-KYCOPS","State reducer after configured demo action","JSON type + enum/conditional constraints; no empty strings for unknown","Increment material revision; retain prior assessment/decision/event; new snapshots immutable","See source-scoped dependency records","Dependency.source_key; exposed where relevant in Scenario/Product/Assurance","synthetic-restricted","DESIGN-HYPOTHESIS","""SRC-010:DEP-04"""
"Dependency","ia_crosswalk_keys","IA对照","ia crosswalk keys","ia crosswalk keys","array","Always present on each object record","false","","SRC-009 scoped alternatives with explicit semantic mapping.","IA §7.2/7.3/7.4 and D2 §8 seeds; field-level implementation is proposed","SRC-009:7|SRC-010:8","ROLE-KYCOPS","State reducer after configured demo action","JSON type + enum/conditional constraints; no empty strings for unknown","Increment material revision; retain prior assessment/decision/event; new snapshots immutable","See source-scoped dependency records","Dependency.ia_crosswalk_keys; exposed where relevant in Scenario/Product/Assurance","synthetic-restricted","DESIGN-HYPOTHESIS","[""SRC-009:DEP-04""]"
"Dependency","from_ref","起点","from ref","from ref","string","Always present on each object record","false","ref:Any","Reference to Any.","IA §7.2/7.3/7.4 and D2 §8 seeds; field-level implementation is proposed","SRC-009:7|SRC-010:8","ROLE-KYCOPS","State reducer after configured demo action","Must resolve Any and same case/scope; explicit revision where used","Increment material revision; retain prior assessment/decision/event; new snapshots immutable","See source-scoped dependency records","Dependency.from_ref; exposed where relevant in Scenario/Product/Assurance","synthetic-restricted","DESIGN-HYPOTHESIS","""DEMO-CTT-001/requirement/identity"""
"Dependency","to_ref","终点","to ref","to ref","string","Always present on each object record","false","ref:Any","Reference to Any.","IA §7.2/7.3/7.4 and D2 §8 seeds; field-level implementation is proposed","SRC-009:7|SRC-010:8","ROLE-KYCOPS","State reducer after configured demo action","Must resolve Any and same case/scope; explicit revision where used","Increment material revision; retain prior assessment/decision/event; new snapshots immutable","See source-scoped dependency records","Dependency.to_ref; exposed where relevant in Scenario/Product/Assurance","synthetic-restricted","DESIGN-HYPOTHESIS","""DEMO-CTT-001/work/reuse"""
"Dependency","relation_type","关系类型","relation type","relation type","string","Always present on each object record","false","requires_input|waits_for|triggers_review|aggregates_conditions","Explicit 关系类型 independent of other object states.","IA §7.2/7.3/7.4 and D2 §8 seeds; field-level implementation is proposed","SRC-009:7|SRC-010:8","ROLE-KYCOPS","State reducer after configured demo action","JSON type + enum/conditional constraints; no empty strings for unknown","Increment material revision; retain prior assessment/decision/event; new snapshots immutable","See source-scoped dependency records","Dependency.relation_type; exposed where relevant in Scenario/Product/Assurance","synthetic-restricted","DESIGN-HYPOTHESIS","""requires_input"""
"Dependency","required_input_revision","所需输入版本","required input revision","required input revision","integer","Always present on each object record","false","","所需输入版本; increment for material revisions.","IA §7.2/7.3/7.4 and D2 §8 seeds; field-level implementation is proposed","SRC-009:7|SRC-010:8","ROLE-KYCOPS","State reducer after configured demo action","JSON type + enum/conditional constraints; no empty strings for unknown","Increment material revision; retain prior assessment/decision/event; new snapshots immutable","See source-scoped dependency records","Dependency.required_input_revision; exposed where relevant in Scenario/Product/Assurance","synthetic-restricted","DESIGN-HYPOTHESIS","1"
"Dependency","status","依赖状态","status","status","string","Always present on each object record","false","pending|satisfied|blocked","Explicit 依赖状态 independent of other object states.","IA §7.2/7.3/7.4 and D2 §8 seeds; field-level implementation is proposed","SRC-009:7|SRC-010:8","ROLE-KYCOPS","State reducer after configured demo action","JSON type + enum/conditional constraints; no empty strings for unknown","Increment material revision; retain prior assessment/decision/event; new snapshots immutable","See source-scoped dependency records","Dependency.status; exposed where relevant in Scenario/Product/Assurance","synthetic-restricted","DESIGN-HYPOTHESIS","""pending"""
"Dependency","wait_field","等待字段","wait field","wait field","string","Always present on each object record","false","","Named input field or judgment.","IA §7.2/7.3/7.4 and D2 §8 seeds; field-level implementation is proposed","SRC-009:7|SRC-010:8","ROLE-KYCOPS","State reducer after configured demo action","JSON type + enum/conditional constraints; no empty strings for unknown","Increment material revision; retain prior assessment/decision/event; new snapshots immutable","See source-scoped dependency records","Dependency.wait_field; exposed where relevant in Scenario/Product/Assurance","synthetic-restricted","DESIGN-HYPOTHESIS","""status"""
"Dependency","resume_event","恢复事件","resume event","resume event","string","Always present on each object record","false","","Event that may release this scoped dependency.","IA §7.2/7.3/7.4 and D2 §8 seeds; field-level implementation is proposed","SRC-009:7|SRC-010:8","ROLE-KYCOPS","State reducer after configured demo action","JSON type + enum/conditional constraints; no empty strings for unknown","Increment material revision; retain prior assessment/decision/event; new snapshots immutable","See source-scoped dependency records","Dependency.resume_event; exposed where relevant in Scenario/Product/Assurance","synthetic-restricted","DESIGN-HYPOTHESIS","""requirements_confirmed"""
"Dependency","parallel_rule","并行规则","parallel rule","parallel rule","string","Always present on each object record","false","","Why unrelated branches may continue; synthetic proposal.","IA §7.2/7.3/7.4 and D2 §8 seeds; field-level implementation is proposed","SRC-009:7|SRC-010:8","ROLE-KYCOPS","State reducer after configured demo action","JSON type + enum/conditional constraints; no empty strings for unknown","Increment material revision; retain prior assessment/decision/event; new snapshots immutable","See source-scoped dependency records","Dependency.parallel_rule; exposed where relevant in Scenario/Product/Assurance","synthetic-restricted","DESIGN-HYPOTHESIS","""Only named input dependency holds this task; Legal, Credit and Conflicts have independent authored conditions."""
"ScreeningFinding","id","稳定编号","id","id","string","Always present on each object record","false","","Stable synthetic local identifier.","IA §7.2/7.3/7.4 and D2 §8 seeds; field-level implementation is proposed","SRC-009:7|SRC-010:8","ROLE-FINCRIME","State reducer after configured demo action","JSON type + enum/conditional constraints; no empty strings for unknown","Increment material revision; retain prior assessment/decision/event; new snapshots immutable","See source-scoped dependency records","ScreeningFinding.id; exposed where relevant in Scenario/Product/Assurance","synthetic-restricted","DESIGN-HYPOTHESIS","""DEMO-CTT-001/finding/possible-match"""
"ScreeningFinding","case_id","案件","case id","case id","string","Always present on each object record","false","ref:Case","Reference to Case.","IA §7.2/7.3/7.4 and D2 §8 seeds; field-level implementation is proposed","SRC-009:7|SRC-010:8","ROLE-FINCRIME","State reducer after configured demo action","Must resolve Case and same case/scope; explicit revision where used","Increment material revision; retain prior assessment/decision/event; new snapshots immutable","See source-scoped dependency records","ScreeningFinding.case_id; exposed where relevant in Scenario/Product/Assurance","synthetic-restricted","DESIGN-HYPOTHESIS","""DEMO-CTT-001"""
"ScreeningFinding","case_scope_id","案件范围","case scope id","case scope id","string","Always present on each object record","false","ref:Scope","Reference to Scope.","IA §7.2/7.3/7.4 and D2 §8 seeds; field-level implementation is proposed","SRC-009:7|SRC-010:8","ROLE-FINCRIME","State reducer after configured demo action","Must resolve Scope and same case/scope; explicit revision where used","Increment material revision; retain prior assessment/decision/event; new snapshots immutable","See source-scoped dependency records","ScreeningFinding.case_scope_id; exposed where relevant in Scenario/Product/Assurance","synthetic-restricted","DESIGN-HYPOTHESIS","""DEMO-CTT-001/scope/institutional"""
"ScreeningFinding","revision","版本","revision","revision","integer","Always present on each object record","false","","版本; increment for material revisions.","IA §7.2/7.3/7.4 and D2 §8 seeds; field-level implementation is proposed","SRC-009:7|SRC-010:8","ROLE-FINCRIME","State reducer after configured demo action","JSON type + enum/conditional constraints; no empty strings for unknown","Increment material revision; retain prior assessment/decision/event; new snapshots immutable","See source-scoped dependency records","ScreeningFinding.revision; exposed where relevant in Scenario/Product/Assurance","synthetic-restricted","DESIGN-HYPOTHESIS","1"
"ScreeningFinding","supersedes_ref","前版本","supersedes ref","supersedes ref","string|null","Always present on each object record","true","ref:Any","Previous immutable record reference, null for first revision.","IA §7.2/7.3/7.4 and D2 §8 seeds; field-level implementation is proposed","SRC-009:7|SRC-010:8","ROLE-FINCRIME","State reducer after configured demo action","Must resolve Any and same case/scope; explicit revision where used","Increment material revision; retain prior assessment/decision/event; new snapshots immutable","See source-scoped dependency records","ScreeningFinding.supersedes_ref; exposed where relevant in Scenario/Product/Assurance","synthetic-restricted","DESIGN-HYPOTHESIS","null"
"ScreeningFinding","source_refs","设计依据","source refs","source refs","array","Always present on each object record","false","","Registered design sources; distinct from synthetic evidence provenance.","IA §7.2/7.3/7.4 and D2 §8 seeds; field-level implementation is proposed","SRC-009:7|SRC-010:8","ROLE-FINCRIME","State reducer after configured demo action","JSON type + enum/conditional constraints; no empty strings for unknown","Increment material revision; retain prior assessment/decision/event; new snapshots immutable","See source-scoped dependency records","ScreeningFinding.source_refs; exposed where relevant in Scenario/Product/Assurance","synthetic-restricted","DESIGN-HYPOTHESIS","[""SRC-009"",""SRC-010""]"
"ScreeningFinding","source_status","来源状态","source status","source status","string","Always present on each object record","false","USER-CONFIRMED|SOURCE-SUPPORTED|INDUSTRY-REFERENCE|DESIGN-HYPOTHESIS|SYNTHETIC|OPEN|SUPERSEDED","Explicit 来源状态 independent of other object states.","IA §7.2/7.3/7.4 and D2 §8 seeds; field-level implementation is proposed","SRC-009:7|SRC-010:8","ROLE-FINCRIME","State reducer after configured demo action","JSON type + enum/conditional constraints; no empty strings for unknown","Increment material revision; retain prior assessment/decision/event; new snapshots immutable","See source-scoped dependency records","ScreeningFinding.source_status; exposed where relevant in Scenario/Product/Assurance","synthetic-restricted","DESIGN-HYPOTHESIS","""SYNTHETIC"""
"ScreeningFinding","simulation_flag","合成标记","simulation flag","simulation flag","boolean","Always present on each object record","false","","Always true for Round A business records.","IA §7.2/7.3/7.4 and D2 §8 seeds; field-level implementation is proposed","SRC-009:7|SRC-010:8","ROLE-FINCRIME","State reducer after configured demo action","JSON type + enum/conditional constraints; no empty strings for unknown","Increment material revision; retain prior assessment/decision/event; new snapshots immutable","See source-scoped dependency records","ScreeningFinding.simulation_flag; exposed where relevant in Scenario/Product/Assurance","synthetic-restricted","DESIGN-HYPOTHESIS","true"
"ScreeningFinding","owner_role","责任角色","owner role","owner role","string","Always present on each object record","false","","Synthetic role assignment, not bank delegation.","IA §7.2/7.3/7.4 and D2 §8 seeds; field-level implementation is proposed","SRC-009:7|SRC-010:8","ROLE-FINCRIME","State reducer after configured demo action","JSON type + enum/conditional constraints; no empty strings for unknown","Increment material revision; retain prior assessment/decision/event; new snapshots immutable","See source-scoped dependency records","ScreeningFinding.owner_role; exposed where relevant in Scenario/Product/Assurance","synthetic-restricted","DESIGN-HYPOTHESIS","""ROLE-FINCRIME"""
"ScreeningFinding","validation_owner","验证负责人","validation owner","validation owner","string","Always present on each object record","false","","Working review owner.","IA §7.2/7.3/7.4 and D2 §8 seeds; field-level implementation is proposed","SRC-009:7|SRC-010:8","ROLE-FINCRIME","State reducer after configured demo action","JSON type + enum/conditional constraints; no empty strings for unknown","Increment material revision; retain prior assessment/decision/event; new snapshots immutable","See source-scoped dependency records","ScreeningFinding.validation_owner; exposed where relevant in Scenario/Product/Assurance","synthetic-restricted","DESIGN-HYPOTHESIS","""Christina"""
"ScreeningFinding","authority_status","权限状态","authority status","authority status","string","Always present on each object record","false","demo_configured|unknown|not_applicable","Explicit 权限状态 independent of other object states.","IA §7.2/7.3/7.4 and D2 §8 seeds; field-level implementation is proposed","SRC-009:7|SRC-010:8","ROLE-FINCRIME","State reducer after configured demo action","JSON type + enum/conditional constraints; no empty strings for unknown","Increment material revision; retain prior assessment/decision/event; new snapshots immutable","See source-scoped dependency records","ScreeningFinding.authority_status; exposed where relevant in Scenario/Product/Assurance","synthetic-restricted","DESIGN-HYPOTHESIS","""unknown"""
"ScreeningFinding","sensitivity","敏感等级","sensitivity","sensitivity","string","Always present on each object record","false","synthetic-restricted","Explicit 敏感等级 independent of other object states.","IA §7.2/7.3/7.4 and D2 §8 seeds; field-level implementation is proposed","SRC-009:7|SRC-010:8","ROLE-FINCRIME","State reducer after configured demo action","JSON type + enum/conditional constraints; no empty strings for unknown","Increment material revision; retain prior assessment/decision/event; new snapshots immutable","See source-scoped dependency records","ScreeningFinding.sensitivity; exposed where relevant in Scenario/Product/Assurance","synthetic-restricted","DESIGN-HYPOTHESIS","""synthetic-restricted"""
"ScreeningFinding","created_at","创建时间","created at","created at","string","Always present on each object record","false","date-time","UTC timestamp for authored synthetic data.","IA §7.2/7.3/7.4 and D2 §8 seeds; field-level implementation is proposed","SRC-009:7|SRC-010:8","ROLE-FINCRIME","State reducer after configured demo action","JSON type + enum/conditional constraints; no empty strings for unknown","Increment material revision; retain prior assessment/decision/event; new snapshots immutable","See source-scoped dependency records","ScreeningFinding.created_at; exposed where relevant in Scenario/Product/Assurance","synthetic-restricted","DESIGN-HYPOTHESIS","""2026-09-07T00:00:00Z"""
"ScreeningFinding","updated_at","更新时间","updated at","updated at","string","Always present on each object record","false","date-time","UTC timestamp; display locale never changes the value.","IA §7.2/7.3/7.4 and D2 §8 seeds; field-level implementation is proposed","SRC-009:7|SRC-010:8","ROLE-FINCRIME","State reducer after configured demo action","JSON type + enum/conditional constraints; no empty strings for unknown","Increment material revision; retain prior assessment/decision/event; new snapshots immutable","See source-scoped dependency records","ScreeningFinding.updated_at; exposed where relevant in Scenario/Product/Assurance","synthetic-restricted","DESIGN-HYPOTHESIS","""2026-09-07T00:00:00Z"""
"ScreeningFinding","as_of","资料时点","as of","as of","string","Always present on each object record","false","date-time","UTC currency of this authored record.","IA §7.2/7.3/7.4 and D2 §8 seeds; field-level implementation is proposed","SRC-009:7|SRC-010:8","ROLE-FINCRIME","State reducer after configured demo action","JSON type + enum/conditional constraints; no empty strings for unknown","Increment material revision; retain prior assessment/decision/event; new snapshots immutable","See source-scoped dependency records","ScreeningFinding.as_of; exposed where relevant in Scenario/Product/Assurance","synthetic-restricted","DESIGN-HYPOTHESIS","""2026-09-07T00:00:00Z"""
"ScreeningFinding","question_ref","待确认问题","question ref","question ref","string|null","Non-null when policy/applicability/authority unknown; all keys present","true","","Required when bank authority or policy is unknown.","IA §7.2/7.3/7.4 and D2 §8 seeds; field-level implementation is proposed","SRC-009:7|SRC-010:8","ROLE-FINCRIME","State reducer after configured demo action","JSON type + enum/conditional constraints; no empty strings for unknown","Increment material revision; retain prior assessment/decision/event; new snapshots immutable","See source-scoped dependency records","ScreeningFinding.question_ref; exposed where relevant in Scenario/Product/Assurance","synthetic-restricted","DESIGN-HYPOTHESIS","""ROUND-A-Q-AUTHORITY"""
"ScreeningFinding","audit_event_refs","审计事件","audit event refs","audit event refs","array","Always present on each object record","false","ref:AuditEvent","References to AuditEvent.","IA §7.2/7.3/7.4 and D2 §8 seeds; field-level implementation is proposed","SRC-009:7|SRC-010:8","ROLE-FINCRIME","State reducer after configured demo action","Must resolve AuditEvent and same case/scope; explicit revision where used","Increment material revision; retain prior assessment/decision/event; new snapshots immutable","See source-scoped dependency records","ScreeningFinding.audit_event_refs; exposed where relevant in Scenario/Product/Assurance","synthetic-restricted","DESIGN-HYPOTHESIS","[]"
"ScreeningFinding","subject_id","筛查主体","subject id","subject id","string","Always present on each object record","false","ref:Entity","Reference to Entity.","IA §7.2/7.3/7.4 and D2 §8 seeds; field-level implementation is proposed","SRC-009:7|SRC-010:8","ROLE-FINCRIME","State reducer after configured demo action","Must resolve Entity and same case/scope; explicit revision where used","Increment material revision; retain prior assessment/decision/event; new snapshots immutable","See source-scoped dependency records","ScreeningFinding.subject_id; exposed where relevant in Scenario/Product/Assurance","synthetic-restricted","DESIGN-HYPOTHESIS","""DEMO-CTT-001/entity/harbour"""
"ScreeningFinding","run_id","筛查运行","run id","run id","string","Always present on each object record","false","","Synthetic run alias, source not a real screening provider.","IA §7.2/7.3/7.4 and D2 §8 seeds; field-level implementation is proposed","SRC-009:7|SRC-010:8","ROLE-FINCRIME","State reducer after configured demo action","JSON type + enum/conditional constraints; no empty strings for unknown","Increment material revision; retain prior assessment/decision/event; new snapshots immutable","See source-scoped dependency records","ScreeningFinding.run_id; exposed where relevant in Scenario/Product/Assurance","synthetic-restricted","DESIGN-HYPOTHESIS","""SYNTHETIC-RUN/comprehensive/1"""
"ScreeningFinding","run_kind","筛查类型","run kind","run kind","string","Always present on each object record","false","preliminary|comprehensive","Explicit 筛查类型 independent of other object states.","IA §7.2/7.3/7.4 and D2 §8 seeds; field-level implementation is proposed","SRC-009:7|SRC-010:8","ROLE-FINCRIME","State reducer after configured demo action","JSON type + enum/conditional constraints; no empty strings for unknown","Increment material revision; retain prior assessment/decision/event; new snapshots immutable","See source-scoped dependency records","ScreeningFinding.run_kind; exposed where relevant in Scenario/Product/Assurance","synthetic-restricted","DESIGN-HYPOTHESIS","""comprehensive"""
"ScreeningFinding","population_revision","群体版本","population revision","population revision","integer","Always present on each object record","false","","群体版本; increment for material revisions.","IA §7.2/7.3/7.4 and D2 §8 seeds; field-level implementation is proposed","SRC-009:7|SRC-010:8","ROLE-FINCRIME","State reducer after configured demo action","JSON type + enum/conditional constraints; no empty strings for unknown","Increment material revision; retain prior assessment/decision/event; new snapshots immutable","See source-scoped dependency records","ScreeningFinding.population_revision; exposed where relevant in Scenario/Product/Assurance","synthetic-restricted","DESIGN-HYPOTHESIS","1"
"ScreeningFinding","provider_record_ref","提供方记录","provider record ref","provider record ref","string","Always present on each object record","false","","Synthetic comparison record.","IA §7.2/7.3/7.4 and D2 §8 seeds; field-level implementation is proposed","SRC-009:7|SRC-010:8","ROLE-FINCRIME","State reducer after configured demo action","JSON type + enum/conditional constraints; no empty strings for unknown","Increment material revision; retain prior assessment/decision/event; new snapshots immutable","See source-scoped dependency records","ScreeningFinding.provider_record_ref; exposed where relevant in Scenario/Product/Assurance","synthetic-restricted","DESIGN-HYPOTHESIS","""SYNTHETIC-PROVIDER/possible-match/1"""
"ScreeningFinding","matched_attributes","相同属性","matched attributes","matched attributes","array","Always present on each object record","false","","Authored match attributes.","IA §7.2/7.3/7.4 and D2 §8 seeds; field-level implementation is proposed","SRC-009:7|SRC-010:8","ROLE-FINCRIME","State reducer after configured demo action","JSON type + enum/conditional constraints; no empty strings for unknown","Increment material revision; retain prior assessment/decision/event; new snapshots immutable","See source-scoped dependency records","ScreeningFinding.matched_attributes; exposed where relevant in Scenario/Product/Assurance","synthetic-restricted","DESIGN-HYPOTHESIS","[""similar_name""]"
"ScreeningFinding","different_attributes","不同属性","different attributes","different attributes","array","Always present on each object record","false","","Authored differing attributes.","IA §7.2/7.3/7.4 and D2 §8 seeds; field-level implementation is proposed","SRC-009:7|SRC-010:8","ROLE-FINCRIME","State reducer after configured demo action","JSON type + enum/conditional constraints; no empty strings for unknown","Increment material revision; retain prior assessment/decision/event; new snapshots immutable","See source-scoped dependency records","ScreeningFinding.different_attributes; exposed where relevant in Scenario/Product/Assurance","synthetic-restricted","DESIGN-HYPOTHESIS","[]"
"ScreeningFinding","unknown_attributes","未知属性","unknown attributes","unknown attributes","array","Always present on each object record","false","","Attributes requiring evidence.","IA §7.2/7.3/7.4 and D2 §8 seeds; field-level implementation is proposed","SRC-009:7|SRC-010:8","ROLE-FINCRIME","State reducer after configured demo action","JSON type + enum/conditional constraints; no empty strings for unknown","Increment material revision; retain prior assessment/decision/event; new snapshots immutable","See source-scoped dependency records","ScreeningFinding.unknown_attributes; exposed where relevant in Scenario/Product/Assurance","synthetic-restricted","DESIGN-HYPOTHESIS","[""screening_distinguishing_identifier""]"
"ScreeningFinding","evidence_use_ids","证据用途评估","evidence use ids","evidence use ids","array","Always present on each object record","false","ref:EvidenceUseAssessment","References to EvidenceUseAssessment.","IA §7.2/7.3/7.4 and D2 §8 seeds; field-level implementation is proposed","SRC-009:7|SRC-010:8","ROLE-FINCRIME","State reducer after configured demo action","Must resolve EvidenceUseAssessment and same case/scope; explicit revision where used","Increment material revision; retain prior assessment/decision/event; new snapshots immutable","See source-scoped dependency records","ScreeningFinding.evidence_use_ids; exposed where relevant in Scenario/Product/Assurance","synthetic-restricted","DESIGN-HYPOTHESIS","[""DEMO-CTT-001/assessment/registry-screening"",""DEMO-CTT-001/assessment/supplement-screening""]"
"ScreeningFinding","materiality_status","重大性","materiality status","materiality status","string","Always present on each object record","false","unknown|review_required|assessed_for_demo","Explicit 重大性 independent of other object states.","IA §7.2/7.3/7.4 and D2 §8 seeds; field-level implementation is proposed","SRC-009:7|SRC-010:8","ROLE-FINCRIME","State reducer after configured demo action","JSON type + enum/conditional constraints; no empty strings for unknown","Increment material revision; retain prior assessment/decision/event; new snapshots immutable","See source-scoped dependency records","ScreeningFinding.materiality_status; exposed where relevant in Scenario/Product/Assurance","synthetic-restricted","DESIGN-HYPOTHESIS","""review_required"""
"ScreeningFinding","review_status","复核状态","review status","review status","string","Always present on each object record","false","awaiting_evidence|awaiting_human|paused|referred|resolved","Explicit 复核状态 independent of other object states.","IA §7.2/7.3/7.4 and D2 §8 seeds; field-level implementation is proposed","SRC-009:7|SRC-010:8","ROLE-FINCRIME","State reducer after configured demo action","JSON type + enum/conditional constraints; no empty strings for unknown","Increment material revision; retain prior assessment/decision/event; new snapshots immutable","See source-scoped dependency records","ScreeningFinding.review_status; exposed where relevant in Scenario/Product/Assurance","synthetic-restricted","DESIGN-HYPOTHESIS","""awaiting_evidence"""
"ScreeningFinding","decision_ref","决定","decision ref","decision ref","string|null","Non-null when screening finding resolved; null before judgment","true","ref:Decision","Null until an authorised demo human records disposition.","IA §7.2/7.3/7.4 and D2 §8 seeds; field-level implementation is proposed","SRC-009:7|SRC-010:8","ROLE-FINCRIME","State reducer after configured demo action","Must resolve Decision and same case/scope; explicit revision where used","Increment material revision; retain prior assessment/decision/event; new snapshots immutable","See source-scoped dependency records","ScreeningFinding.decision_ref; exposed where relevant in Scenario/Product/Assurance","synthetic-restricted","DESIGN-HYPOTHESIS","null"
"ScreeningFinding","provider_attributes","合成提供方属性","provider attributes","provider attributes","object","Optional runtime metadata; when present must satisfy its declared non-null type","false","","Explicit fictional provider comparison values; no real registry/provider lookup or policy determination.","IA §7.2/7.3/7.4 and D2 §8 seeds; field-level implementation is proposed","SRC-009:7|SRC-010:8","ROLE-FINCRIME","State reducer after configured demo action","JSON type + enum/conditional constraints; no empty strings for unknown","Increment material revision; retain prior assessment/decision/event; new snapshots immutable","See source-scoped dependency records","ScreeningFinding.provider_attributes; exposed where relevant in Scenario/Product/Assurance","synthetic-restricted","DESIGN-HYPOTHESIS","{""registration_reference"":""SYN-B-207"",""incorporation_jurisdiction"":""NZ"",""legal_name"":""Harbour Institutional Holdings (Provider Demo)"",""entity_type"":""synthetic_corporation""}"
"Decision","id","稳定编号","id","id","string","Always present on each object record","false","","Stable synthetic local identifier.","IA §7.2/7.3/7.4 and D2 §8 seeds; field-level implementation is proposed","SRC-009:7|SRC-010:8","ROLE-FINCRIME","ROLE-FINCRIME via demoConfig","JSON type + enum/conditional constraints; no empty strings for unknown","Increment material revision; retain prior assessment/decision/event; new snapshots immutable","See source-scoped dependency records","Decision.id; exposed where relevant in Scenario/Product/Assurance","synthetic-restricted","DESIGN-HYPOTHESIS","null"
"Decision","case_id","案件","case id","case id","string","Always present on each object record","false","ref:Case","Reference to Case.","IA §7.2/7.3/7.4 and D2 §8 seeds; field-level implementation is proposed","SRC-009:7|SRC-010:8","ROLE-FINCRIME","ROLE-FINCRIME via demoConfig","Must resolve Case and same case/scope; explicit revision where used","Increment material revision; retain prior assessment/decision/event; new snapshots immutable","See source-scoped dependency records","Decision.case_id; exposed where relevant in Scenario/Product/Assurance","synthetic-restricted","DESIGN-HYPOTHESIS","null"
"Decision","case_scope_id","案件范围","case scope id","case scope id","string","Always present on each object record","false","ref:Scope","Reference to Scope.","IA §7.2/7.3/7.4 and D2 §8 seeds; field-level implementation is proposed","SRC-009:7|SRC-010:8","ROLE-FINCRIME","ROLE-FINCRIME via demoConfig","Must resolve Scope and same case/scope; explicit revision where used","Increment material revision; retain prior assessment/decision/event; new snapshots immutable","See source-scoped dependency records","Decision.case_scope_id; exposed where relevant in Scenario/Product/Assurance","synthetic-restricted","DESIGN-HYPOTHESIS","null"
"Decision","revision","版本","revision","revision","integer","Always present on each object record","false","","版本; increment for material revisions.","IA §7.2/7.3/7.4 and D2 §8 seeds; field-level implementation is proposed","SRC-009:7|SRC-010:8","ROLE-FINCRIME","ROLE-FINCRIME via demoConfig","JSON type + enum/conditional constraints; no empty strings for unknown","Increment material revision; retain prior assessment/decision/event; new snapshots immutable","See source-scoped dependency records","Decision.revision; exposed where relevant in Scenario/Product/Assurance","synthetic-restricted","DESIGN-HYPOTHESIS","null"
"Decision","supersedes_ref","前版本","supersedes ref","supersedes ref","string|null","Always present on each object record","true","ref:Any","Previous immutable record reference, null for first revision.","IA §7.2/7.3/7.4 and D2 §8 seeds; field-level implementation is proposed","SRC-009:7|SRC-010:8","ROLE-FINCRIME","ROLE-FINCRIME via demoConfig","Must resolve Any and same case/scope; explicit revision where used","Increment material revision; retain prior assessment/decision/event; new snapshots immutable","See source-scoped dependency records","Decision.supersedes_ref; exposed where relevant in Scenario/Product/Assurance","synthetic-restricted","DESIGN-HYPOTHESIS","null"
"Decision","source_refs","设计依据","source refs","source refs","array","Always present on each object record","false","","Registered design sources; distinct from synthetic evidence provenance.","IA §7.2/7.3/7.4 and D2 §8 seeds; field-level implementation is proposed","SRC-009:7|SRC-010:8","ROLE-FINCRIME","ROLE-FINCRIME via demoConfig","JSON type + enum/conditional constraints; no empty strings for unknown","Increment material revision; retain prior assessment/decision/event; new snapshots immutable","See source-scoped dependency records","Decision.source_refs; exposed where relevant in Scenario/Product/Assurance","synthetic-restricted","DESIGN-HYPOTHESIS","null"
"Decision","source_status","来源状态","source status","source status","string","Always present on each object record","false","USER-CONFIRMED|SOURCE-SUPPORTED|INDUSTRY-REFERENCE|DESIGN-HYPOTHESIS|SYNTHETIC|OPEN|SUPERSEDED","Explicit 来源状态 independent of other object states.","IA §7.2/7.3/7.4 and D2 §8 seeds; field-level implementation is proposed","SRC-009:7|SRC-010:8","ROLE-FINCRIME","ROLE-FINCRIME via demoConfig","JSON type + enum/conditional constraints; no empty strings for unknown","Increment material revision; retain prior assessment/decision/event; new snapshots immutable","See source-scoped dependency records","Decision.source_status; exposed where relevant in Scenario/Product/Assurance","synthetic-restricted","DESIGN-HYPOTHESIS","null"
"Decision","simulation_flag","合成标记","simulation flag","simulation flag","boolean","Always present on each object record","false","","Always true for Round A business records.","IA §7.2/7.3/7.4 and D2 §8 seeds; field-level implementation is proposed","SRC-009:7|SRC-010:8","ROLE-FINCRIME","ROLE-FINCRIME via demoConfig","JSON type + enum/conditional constraints; no empty strings for unknown","Increment material revision; retain prior assessment/decision/event; new snapshots immutable","See source-scoped dependency records","Decision.simulation_flag; exposed where relevant in Scenario/Product/Assurance","synthetic-restricted","DESIGN-HYPOTHESIS","null"
"Decision","owner_role","责任角色","owner role","owner role","string","Always present on each object record","false","","Synthetic role assignment, not bank delegation.","IA §7.2/7.3/7.4 and D2 §8 seeds; field-level implementation is proposed","SRC-009:7|SRC-010:8","ROLE-FINCRIME","ROLE-FINCRIME via demoConfig","JSON type + enum/conditional constraints; no empty strings for unknown","Increment material revision; retain prior assessment/decision/event; new snapshots immutable","See source-scoped dependency records","Decision.owner_role; exposed where relevant in Scenario/Product/Assurance","synthetic-restricted","DESIGN-HYPOTHESIS","null"
"Decision","validation_owner","验证负责人","validation owner","validation owner","string","Always present on each object record","false","","Working review owner.","IA §7.2/7.3/7.4 and D2 §8 seeds; field-level implementation is proposed","SRC-009:7|SRC-010:8","ROLE-FINCRIME","ROLE-FINCRIME via demoConfig","JSON type + enum/conditional constraints; no empty strings for unknown","Increment material revision; retain prior assessment/decision/event; new snapshots immutable","See source-scoped dependency records","Decision.validation_owner; exposed where relevant in Scenario/Product/Assurance","synthetic-restricted","DESIGN-HYPOTHESIS","null"
"Decision","authority_status","权限状态","authority status","authority status","string","Always present on each object record","false","demo_configured|unknown|not_applicable","Explicit 权限状态 independent of other object states.","IA §7.2/7.3/7.4 and D2 §8 seeds; field-level implementation is proposed","SRC-009:7|SRC-010:8","ROLE-FINCRIME","ROLE-FINCRIME via demoConfig","JSON type + enum/conditional constraints; no empty strings for unknown","Increment material revision; retain prior assessment/decision/event; new snapshots immutable","See source-scoped dependency records","Decision.authority_status; exposed where relevant in Scenario/Product/Assurance","synthetic-restricted","DESIGN-HYPOTHESIS","null"
"Decision","sensitivity","敏感等级","sensitivity","sensitivity","string","Always present on each object record","false","synthetic-restricted","Explicit 敏感等级 independent of other object states.","IA §7.2/7.3/7.4 and D2 §8 seeds; field-level implementation is proposed","SRC-009:7|SRC-010:8","ROLE-FINCRIME","ROLE-FINCRIME via demoConfig","JSON type + enum/conditional constraints; no empty strings for unknown","Increment material revision; retain prior assessment/decision/event; new snapshots immutable","See source-scoped dependency records","Decision.sensitivity; exposed where relevant in Scenario/Product/Assurance","synthetic-restricted","DESIGN-HYPOTHESIS","null"
"Decision","created_at","创建时间","created at","created at","string","Always present on each object record","false","date-time","UTC timestamp for authored synthetic data.","IA §7.2/7.3/7.4 and D2 §8 seeds; field-level implementation is proposed","SRC-009:7|SRC-010:8","ROLE-FINCRIME","ROLE-FINCRIME via demoConfig","JSON type + enum/conditional constraints; no empty strings for unknown","Increment material revision; retain prior assessment/decision/event; new snapshots immutable","See source-scoped dependency records","Decision.created_at; exposed where relevant in Scenario/Product/Assurance","synthetic-restricted","DESIGN-HYPOTHESIS","null"
"Decision","updated_at","更新时间","updated at","updated at","string","Always present on each object record","false","date-time","UTC timestamp; display locale never changes the value.","IA §7.2/7.3/7.4 and D2 §8 seeds; field-level implementation is proposed","SRC-009:7|SRC-010:8","ROLE-FINCRIME","ROLE-FINCRIME via demoConfig","JSON type + enum/conditional constraints; no empty strings for unknown","Increment material revision; retain prior assessment/decision/event; new snapshots immutable","See source-scoped dependency records","Decision.updated_at; exposed where relevant in Scenario/Product/Assurance","synthetic-restricted","DESIGN-HYPOTHESIS","null"
"Decision","as_of","资料时点","as of","as of","string","Always present on each object record","false","date-time","UTC currency of this authored record.","IA §7.2/7.3/7.4 and D2 §8 seeds; field-level implementation is proposed","SRC-009:7|SRC-010:8","ROLE-FINCRIME","ROLE-FINCRIME via demoConfig","JSON type + enum/conditional constraints; no empty strings for unknown","Increment material revision; retain prior assessment/decision/event; new snapshots immutable","See source-scoped dependency records","Decision.as_of; exposed where relevant in Scenario/Product/Assurance","synthetic-restricted","DESIGN-HYPOTHESIS","null"
"Decision","question_ref","待确认问题","question ref","question ref","string|null","Non-null when policy/applicability/authority unknown; all keys present","true","","Required when bank authority or policy is unknown.","IA §7.2/7.3/7.4 and D2 §8 seeds; field-level implementation is proposed","SRC-009:7|SRC-010:8","ROLE-FINCRIME","ROLE-FINCRIME via demoConfig","JSON type + enum/conditional constraints; no empty strings for unknown","Increment material revision; retain prior assessment/decision/event; new snapshots immutable","See source-scoped dependency records","Decision.question_ref; exposed where relevant in Scenario/Product/Assurance","synthetic-restricted","DESIGN-HYPOTHESIS","null"
"Decision","audit_event_refs","审计事件","audit event refs","audit event refs","array","Always present on each object record","false","ref:AuditEvent","References to AuditEvent.","IA §7.2/7.3/7.4 and D2 §8 seeds; field-level implementation is proposed","SRC-009:7|SRC-010:8","ROLE-FINCRIME","ROLE-FINCRIME via demoConfig","Must resolve AuditEvent and same case/scope; explicit revision where used","Increment material revision; retain prior assessment/decision/event; new snapshots immutable","See source-scoped dependency records","Decision.audit_event_refs; exposed where relevant in Scenario/Product/Assurance","synthetic-restricted","DESIGN-HYPOTHESIS","null"
"Decision","decision_type","决定类型","decision type","decision type","string","Always present on each object record","false","screening_disposition|evidence_assessment","Explicit 决定类型 independent of other object states.","IA §7.2/7.3/7.4 and D2 §8 seeds; field-level implementation is proposed","SRC-009:7|SRC-010:8","ROLE-FINCRIME","ROLE-FINCRIME via demoConfig","JSON type + enum/conditional constraints; no empty strings for unknown","Increment material revision; retain prior assessment/decision/event; new snapshots immutable","See source-scoped dependency records","Decision.decision_type; exposed where relevant in Scenario/Product/Assurance","synthetic-restricted","DESIGN-HYPOTHESIS","""screening_disposition"""
"Decision","outcome","决定结果","outcome","outcome","string","Always present on each object record","false","not_a_match|potential_match|insufficient_evidence|refer","Explicit 决定结果 independent of other object states.","IA §7.2/7.3/7.4 and D2 §8 seeds; field-level implementation is proposed","SRC-009:7|SRC-010:8","ROLE-FINCRIME","ROLE-FINCRIME via demoConfig","JSON type + enum/conditional constraints; no empty strings for unknown","Increment material revision; retain prior assessment/decision/event; new snapshots immutable","See source-scoped dependency records","Decision.outcome; exposed where relevant in Scenario/Product/Assurance","synthetic-restricted","DESIGN-HYPOTHESIS","""not_a_match"""
"Decision","authority_ref","演示权限","authority ref","authority ref","string","Non-null when recording a permitted demo judgment; unknown bank authority never grants permission","false","ref:Authority","Reference to Authority.","IA §7.2/7.3/7.4 and D2 §8 seeds; field-level implementation is proposed","SRC-009:7|SRC-010:8","ROLE-FINCRIME","ROLE-FINCRIME via demoConfig","Must resolve Authority and same case/scope; explicit revision where used","Increment material revision; retain prior assessment/decision/event; new snapshots immutable","See source-scoped dependency records","Decision.authority_ref; exposed where relevant in Scenario/Product/Assurance","synthetic-restricted","DESIGN-HYPOTHESIS","""DEMO-CTT-001/authority/demo-reviewer"""
"Decision","bank_authority_ref","银行权限","bank authority ref","bank authority ref","string|null","Always present on each object record","true","","Never inferred from configured demo action.","IA §7.2/7.3/7.4 and D2 §8 seeds; field-level implementation is proposed","SRC-009:7|SRC-010:8","ROLE-FINCRIME","ROLE-FINCRIME via demoConfig","JSON type + enum/conditional constraints; no empty strings for unknown","Increment material revision; retain prior assessment/decision/event; new snapshots immutable","See source-scoped dependency records","Decision.bank_authority_ref; exposed where relevant in Scenario/Product/Assurance","synthetic-restricted","DESIGN-HYPOTHESIS","null"
"Decision","basis_refs","决定依据","basis refs","basis refs","array","At least one when sufficiency sufficient/insufficient; key always present","false","","Evidence-use refs and explicit authored rule.","IA §7.2/7.3/7.4 and D2 §8 seeds; field-level implementation is proposed","SRC-009:7|SRC-010:8","ROLE-FINCRIME","ROLE-FINCRIME via demoConfig","JSON type + enum/conditional constraints; no empty strings for unknown","Increment material revision; retain prior assessment/decision/event; new snapshots immutable","See source-scoped dependency records","Decision.basis_refs; exposed where relevant in Scenario/Product/Assurance","synthetic-restricted","DESIGN-HYPOTHESIS","null"
"Decision","input_revisions","输入版本","input revisions","input revisions","object","Always present on each object record","false","","Exact input object revisions at decision time.","IA §7.2/7.3/7.4 and D2 §8 seeds; field-level implementation is proposed","SRC-009:7|SRC-010:8","ROLE-FINCRIME","ROLE-FINCRIME via demoConfig","JSON type + enum/conditional constraints; no empty strings for unknown","Increment material revision; retain prior assessment/decision/event; new snapshots immutable","See source-scoped dependency records","Decision.input_revisions; exposed where relevant in Scenario/Product/Assurance","synthetic-restricted","DESIGN-HYPOTHESIS","{""DEMO-CTT-001/assessment/supplement-screening"":2}"
"Decision","recorded_by","决定者","recorded by","recorded by","string","Always present on each object record","false","","Synthetic human reviewer.","IA §7.2/7.3/7.4 and D2 §8 seeds; field-level implementation is proposed","SRC-009:7|SRC-010:8","ROLE-FINCRIME","ROLE-FINCRIME via demoConfig","JSON type + enum/conditional constraints; no empty strings for unknown","Increment material revision; retain prior assessment/decision/event; new snapshots immutable","See source-scoped dependency records","Decision.recorded_by; exposed where relevant in Scenario/Product/Assurance","synthetic-restricted","DESIGN-HYPOTHESIS","""ROLE-FINCRIME"""
"Decision","recorded_at","决定时间","recorded at","recorded at","string","Always present on each object record","false","date-time","UTC timestamp.","IA §7.2/7.3/7.4 and D2 §8 seeds; field-level implementation is proposed","SRC-009:7|SRC-010:8","ROLE-FINCRIME","ROLE-FINCRIME via demoConfig","JSON type + enum/conditional constraints; no empty strings for unknown","Increment material revision; retain prior assessment/decision/event; new snapshots immutable","See source-scoped dependency records","Decision.recorded_at; exposed where relevant in Scenario/Product/Assurance","synthetic-restricted","DESIGN-HYPOTHESIS","""2026-09-07T00:00:00Z"""
"Decision","currency","当前适用性","currency","currency","string","Always present on each object record","false","current|needs_review|historical","Explicit 当前适用性 independent of other object states.","IA §7.2/7.3/7.4 and D2 §8 seeds; field-level implementation is proposed","SRC-009:7|SRC-010:8","ROLE-FINCRIME","ROLE-FINCRIME via demoConfig","JSON type + enum/conditional constraints; no empty strings for unknown","Increment material revision; retain prior assessment/decision/event; new snapshots immutable","See source-scoped dependency records","Decision.currency; exposed where relevant in Scenario/Product/Assurance","synthetic-restricted","DESIGN-HYPOTHESIS","""current"""
"Decision","record_status","记录状态","record status","record status","string","Optional runtime metadata; when present must satisfy its declared non-null type","false","recorded","Explicit 记录状态 independent of other object states.","IA §7.2/7.3/7.4 and D2 §8 seeds; field-level implementation is proposed","SRC-009:7|SRC-010:8","ROLE-FINCRIME","ROLE-FINCRIME via demoConfig","JSON type + enum/conditional constraints; no empty strings for unknown","Increment material revision; retain prior assessment/decision/event; new snapshots immutable","See source-scoped dependency records","Decision.record_status; exposed where relevant in Scenario/Product/Assurance","synthetic-restricted","DESIGN-HYPOTHESIS","null"
"Decision","submission_key","提交去重键","submission key","submission key","string","Optional runtime metadata; when present must satisfy its declared non-null type","false","","Local idempotency key; repeated submission returns the existing decision.","IA §7.2/7.3/7.4 and D2 §8 seeds; field-level implementation is proposed","SRC-009:7|SRC-010:8","ROLE-FINCRIME","ROLE-FINCRIME via demoConfig","JSON type + enum/conditional constraints; no empty strings for unknown","Increment material revision; retain prior assessment/decision/event; new snapshots immutable","See source-scoped dependency records","Decision.submission_key; exposed where relevant in Scenario/Product/Assurance","synthetic-restricted","DESIGN-HYPOTHESIS","null"
"ClearanceCondition","id","稳定编号","id","id","string","Always present on each object record","false","","Stable synthetic local identifier.","IA §7.2/7.3/7.4 and D2 §8 seeds; field-level implementation is proposed","SRC-009:7|SRC-010:8","ROLE-KYCOPS","State reducer after configured demo action","JSON type + enum/conditional constraints; no empty strings for unknown","Increment material revision; retain prior assessment/decision/event; new snapshots immutable","See source-scoped dependency records","ClearanceCondition.id; exposed where relevant in Scenario/Product/Assurance","synthetic-restricted","DESIGN-HYPOTHESIS","""DEMO-CTT-001/condition/evidence"""
"ClearanceCondition","case_id","案件","case id","case id","string","Always present on each object record","false","ref:Case","Reference to Case.","IA §7.2/7.3/7.4 and D2 §8 seeds; field-level implementation is proposed","SRC-009:7|SRC-010:8","ROLE-KYCOPS","State reducer after configured demo action","Must resolve Case and same case/scope; explicit revision where used","Increment material revision; retain prior assessment/decision/event; new snapshots immutable","See source-scoped dependency records","ClearanceCondition.case_id; exposed where relevant in Scenario/Product/Assurance","synthetic-restricted","DESIGN-HYPOTHESIS","""DEMO-CTT-001"""
"ClearanceCondition","case_scope_id","案件范围","case scope id","case scope id","string","Always present on each object record","false","ref:Scope","Reference to Scope.","IA §7.2/7.3/7.4 and D2 §8 seeds; field-level implementation is proposed","SRC-009:7|SRC-010:8","ROLE-KYCOPS","State reducer after configured demo action","Must resolve Scope and same case/scope; explicit revision where used","Increment material revision; retain prior assessment/decision/event; new snapshots immutable","See source-scoped dependency records","ClearanceCondition.case_scope_id; exposed where relevant in Scenario/Product/Assurance","synthetic-restricted","DESIGN-HYPOTHESIS","""DEMO-CTT-001/scope/institutional"""
"ClearanceCondition","revision","版本","revision","revision","integer","Always present on each object record","false","","版本; increment for material revisions.","IA §7.2/7.3/7.4 and D2 §8 seeds; field-level implementation is proposed","SRC-009:7|SRC-010:8","ROLE-KYCOPS","State reducer after configured demo action","JSON type + enum/conditional constraints; no empty strings for unknown","Increment material revision; retain prior assessment/decision/event; new snapshots immutable","See source-scoped dependency records","ClearanceCondition.revision; exposed where relevant in Scenario/Product/Assurance","synthetic-restricted","DESIGN-HYPOTHESIS","1"
"ClearanceCondition","supersedes_ref","前版本","supersedes ref","supersedes ref","string|null","Always present on each object record","true","ref:Any","Previous immutable record reference, null for first revision.","IA §7.2/7.3/7.4 and D2 §8 seeds; field-level implementation is proposed","SRC-009:7|SRC-010:8","ROLE-KYCOPS","State reducer after configured demo action","Must resolve Any and same case/scope; explicit revision where used","Increment material revision; retain prior assessment/decision/event; new snapshots immutable","See source-scoped dependency records","ClearanceCondition.supersedes_ref; exposed where relevant in Scenario/Product/Assurance","synthetic-restricted","DESIGN-HYPOTHESIS","null"
"ClearanceCondition","source_refs","设计依据","source refs","source refs","array","Always present on each object record","false","","Registered design sources; distinct from synthetic evidence provenance.","IA §7.2/7.3/7.4 and D2 §8 seeds; field-level implementation is proposed","SRC-009:7|SRC-010:8","ROLE-KYCOPS","State reducer after configured demo action","JSON type + enum/conditional constraints; no empty strings for unknown","Increment material revision; retain prior assessment/decision/event; new snapshots immutable","See source-scoped dependency records","ClearanceCondition.source_refs; exposed where relevant in Scenario/Product/Assurance","synthetic-restricted","DESIGN-HYPOTHESIS","[""SRC-009"",""SRC-010""]"
"ClearanceCondition","source_status","来源状态","source status","source status","string","Always present on each object record","false","USER-CONFIRMED|SOURCE-SUPPORTED|INDUSTRY-REFERENCE|DESIGN-HYPOTHESIS|SYNTHETIC|OPEN|SUPERSEDED","Explicit 来源状态 independent of other object states.","IA §7.2/7.3/7.4 and D2 §8 seeds; field-level implementation is proposed","SRC-009:7|SRC-010:8","ROLE-KYCOPS","State reducer after configured demo action","JSON type + enum/conditional constraints; no empty strings for unknown","Increment material revision; retain prior assessment/decision/event; new snapshots immutable","See source-scoped dependency records","ClearanceCondition.source_status; exposed where relevant in Scenario/Product/Assurance","synthetic-restricted","DESIGN-HYPOTHESIS","""SYNTHETIC"""
"ClearanceCondition","simulation_flag","合成标记","simulation flag","simulation flag","boolean","Always present on each object record","false","","Always true for Round A business records.","IA §7.2/7.3/7.4 and D2 §8 seeds; field-level implementation is proposed","SRC-009:7|SRC-010:8","ROLE-KYCOPS","State reducer after configured demo action","JSON type + enum/conditional constraints; no empty strings for unknown","Increment material revision; retain prior assessment/decision/event; new snapshots immutable","See source-scoped dependency records","ClearanceCondition.simulation_flag; exposed where relevant in Scenario/Product/Assurance","synthetic-restricted","DESIGN-HYPOTHESIS","true"
"ClearanceCondition","owner_role","责任角色","owner role","owner role","string","Always present on each object record","false","","Synthetic role assignment, not bank delegation.","IA §7.2/7.3/7.4 and D2 §8 seeds; field-level implementation is proposed","SRC-009:7|SRC-010:8","ROLE-KYCOPS","State reducer after configured demo action","JSON type + enum/conditional constraints; no empty strings for unknown","Increment material revision; retain prior assessment/decision/event; new snapshots immutable","See source-scoped dependency records","ClearanceCondition.owner_role; exposed where relevant in Scenario/Product/Assurance","synthetic-restricted","DESIGN-HYPOTHESIS","""ROLE-KYCOPS"""
"ClearanceCondition","validation_owner","验证负责人","validation owner","validation owner","string","Always present on each object record","false","","Working review owner.","IA §7.2/7.3/7.4 and D2 §8 seeds; field-level implementation is proposed","SRC-009:7|SRC-010:8","ROLE-KYCOPS","State reducer after configured demo action","JSON type + enum/conditional constraints; no empty strings for unknown","Increment material revision; retain prior assessment/decision/event; new snapshots immutable","See source-scoped dependency records","ClearanceCondition.validation_owner; exposed where relevant in Scenario/Product/Assurance","synthetic-restricted","DESIGN-HYPOTHESIS","""Christina"""
"ClearanceCondition","authority_status","权限状态","authority status","authority status","string","Always present on each object record","false","demo_configured|unknown|not_applicable","Explicit 权限状态 independent of other object states.","IA §7.2/7.3/7.4 and D2 §8 seeds; field-level implementation is proposed","SRC-009:7|SRC-010:8","ROLE-KYCOPS","State reducer after configured demo action","JSON type + enum/conditional constraints; no empty strings for unknown","Increment material revision; retain prior assessment/decision/event; new snapshots immutable","See source-scoped dependency records","ClearanceCondition.authority_status; exposed where relevant in Scenario/Product/Assurance","synthetic-restricted","DESIGN-HYPOTHESIS","""unknown"""
"ClearanceCondition","sensitivity","敏感等级","sensitivity","sensitivity","string","Always present on each object record","false","synthetic-restricted","Explicit 敏感等级 independent of other object states.","IA §7.2/7.3/7.4 and D2 §8 seeds; field-level implementation is proposed","SRC-009:7|SRC-010:8","ROLE-KYCOPS","State reducer after configured demo action","JSON type + enum/conditional constraints; no empty strings for unknown","Increment material revision; retain prior assessment/decision/event; new snapshots immutable","See source-scoped dependency records","ClearanceCondition.sensitivity; exposed where relevant in Scenario/Product/Assurance","synthetic-restricted","DESIGN-HYPOTHESIS","""synthetic-restricted"""
"ClearanceCondition","created_at","创建时间","created at","created at","string","Always present on each object record","false","date-time","UTC timestamp for authored synthetic data.","IA §7.2/7.3/7.4 and D2 §8 seeds; field-level implementation is proposed","SRC-009:7|SRC-010:8","ROLE-KYCOPS","State reducer after configured demo action","JSON type + enum/conditional constraints; no empty strings for unknown","Increment material revision; retain prior assessment/decision/event; new snapshots immutable","See source-scoped dependency records","ClearanceCondition.created_at; exposed where relevant in Scenario/Product/Assurance","synthetic-restricted","DESIGN-HYPOTHESIS","""2026-09-07T00:00:00Z"""
"ClearanceCondition","updated_at","更新时间","updated at","updated at","string","Always present on each object record","false","date-time","UTC timestamp; display locale never changes the value.","IA §7.2/7.3/7.4 and D2 §8 seeds; field-level implementation is proposed","SRC-009:7|SRC-010:8","ROLE-KYCOPS","State reducer after configured demo action","JSON type + enum/conditional constraints; no empty strings for unknown","Increment material revision; retain prior assessment/decision/event; new snapshots immutable","See source-scoped dependency records","ClearanceCondition.updated_at; exposed where relevant in Scenario/Product/Assurance","synthetic-restricted","DESIGN-HYPOTHESIS","""2026-09-07T00:00:00Z"""
"ClearanceCondition","as_of","资料时点","as of","as of","string","Always present on each object record","false","date-time","UTC currency of this authored record.","IA §7.2/7.3/7.4 and D2 §8 seeds; field-level implementation is proposed","SRC-009:7|SRC-010:8","ROLE-KYCOPS","State reducer after configured demo action","JSON type + enum/conditional constraints; no empty strings for unknown","Increment material revision; retain prior assessment/decision/event; new snapshots immutable","See source-scoped dependency records","ClearanceCondition.as_of; exposed where relevant in Scenario/Product/Assurance","synthetic-restricted","DESIGN-HYPOTHESIS","""2026-09-07T00:00:00Z"""
"ClearanceCondition","question_ref","待确认问题","question ref","question ref","string|null","Non-null when policy/applicability/authority unknown; all keys present","true","","Required when bank authority or policy is unknown.","IA §7.2/7.3/7.4 and D2 §8 seeds; field-level implementation is proposed","SRC-009:7|SRC-010:8","ROLE-KYCOPS","State reducer after configured demo action","JSON type + enum/conditional constraints; no empty strings for unknown","Increment material revision; retain prior assessment/decision/event; new snapshots immutable","See source-scoped dependency records","ClearanceCondition.question_ref; exposed where relevant in Scenario/Product/Assurance","synthetic-restricted","DESIGN-HYPOTHESIS","""ROUND-A-Q-AUTHORITY"""
"ClearanceCondition","audit_event_refs","审计事件","audit event refs","audit event refs","array","Always present on each object record","false","ref:AuditEvent","References to AuditEvent.","IA §7.2/7.3/7.4 and D2 §8 seeds; field-level implementation is proposed","SRC-009:7|SRC-010:8","ROLE-KYCOPS","State reducer after configured demo action","Must resolve AuditEvent and same case/scope; explicit revision where used","Increment material revision; retain prior assessment/decision/event; new snapshots immutable","See source-scoped dependency records","ClearanceCondition.audit_event_refs; exposed where relevant in Scenario/Product/Assurance","synthetic-restricted","DESIGN-HYPOTHESIS","[]"
"ClearanceCondition","domain","条件领域","domain","domain","string","Always present on each object record","false","evidence|screening|legal|credit|qa|conflicts|edd","Explicit 条件领域 independent of other object states.","IA §7.2/7.3/7.4 and D2 §8 seeds; field-level implementation is proposed","SRC-009:7|SRC-010:8","ROLE-KYCOPS","State reducer after configured demo action","JSON type + enum/conditional constraints; no empty strings for unknown","Increment material revision; retain prior assessment/decision/event; new snapshots immutable","See source-scoped dependency records","ClearanceCondition.domain; exposed where relevant in Scenario/Product/Assurance","synthetic-restricted","DESIGN-HYPOTHESIS","""evidence"""
"ClearanceCondition","applicability","适用性","applicability","applicability","string","Always present on each object record","false","required|not_required|unknown","Explicit 适用性 independent of other object states.","IA §7.2/7.3/7.4 and D2 §8 seeds; field-level implementation is proposed","SRC-009:7|SRC-010:8","ROLE-KYCOPS","State reducer after configured demo action","JSON type + enum/conditional constraints; no empty strings for unknown","Increment material revision; retain prior assessment/decision/event; new snapshots immutable","See source-scoped dependency records","ClearanceCondition.applicability; exposed where relevant in Scenario/Product/Assurance","synthetic-restricted","DESIGN-HYPOTHESIS","""required"""
"ClearanceCondition","status","条件状态","status","status","string","Always present on each object record","false","unknown|review_required|satisfied|awaiting_execution|condition_pending|pending","Explicit 条件状态 independent of other object states.","IA §7.2/7.3/7.4 and D2 §8 seeds; field-level implementation is proposed","SRC-009:7|SRC-010:8","ROLE-KYCOPS","State reducer after configured demo action","JSON type + enum/conditional constraints; no empty strings for unknown","Increment material revision; retain prior assessment/decision/event; new snapshots immutable","See source-scoped dependency records","ClearanceCondition.status; exposed where relevant in Scenario/Product/Assurance","synthetic-restricted","DESIGN-HYPOTHESIS","""review_required"""
"ClearanceCondition","status_reason","阻塞原因","status reason","status reason","string","Always present on each object record","false","","Named reason; task completion cannot overwrite unrelated conditions.","IA §7.2/7.3/7.4 and D2 §8 seeds; field-level implementation is proposed","SRC-009:7|SRC-010:8","ROLE-KYCOPS","State reducer after configured demo action","JSON type + enum/conditional constraints; no empty strings for unknown","Increment material revision; retain prior assessment/decision/event; new snapshots immutable","See source-scoped dependency records","ClearanceCondition.status_reason; exposed where relevant in Scenario/Product/Assurance","synthetic-restricted","DESIGN-HYPOTHESIS","""Purpose-specific evidence review remains open"""
"ClearanceCondition","scope_revision","范围版本","scope revision","scope revision","integer","Always present on each object record","false","","范围版本; increment for material revisions.","IA §7.2/7.3/7.4 and D2 §8 seeds; field-level implementation is proposed","SRC-009:7|SRC-010:8","ROLE-KYCOPS","State reducer after configured demo action","JSON type + enum/conditional constraints; no empty strings for unknown","Increment material revision; retain prior assessment/decision/event; new snapshots immutable","See source-scoped dependency records","ClearanceCondition.scope_revision; exposed where relevant in Scenario/Product/Assurance","synthetic-restricted","DESIGN-HYPOTHESIS","1"
"ClearanceCondition","basis_refs","条件依据","basis refs","basis refs","array","At least one when sufficiency sufficient/insufficient; key always present","false","ref:Any","References to Any.","IA §7.2/7.3/7.4 and D2 §8 seeds; field-level implementation is proposed","SRC-009:7|SRC-010:8","ROLE-KYCOPS","State reducer after configured demo action","Must resolve Any and same case/scope; explicit revision where used","Increment material revision; retain prior assessment/decision/event; new snapshots immutable","See source-scoped dependency records","ClearanceCondition.basis_refs; exposed where relevant in Scenario/Product/Assurance","synthetic-restricted","DESIGN-HYPOTHESIS","[""DEMO-CTT-001/requirement/identity"",""DEMO-CTT-001/requirement/screening-purpose""]"
"ClearanceCondition","next_action","下一动作","next action","next action","string","Always present on each object record","false","","Action required from the responsible role.","IA §7.2/7.3/7.4 and D2 §8 seeds; field-level implementation is proposed","SRC-009:7|SRC-010:8","ROLE-KYCOPS","State reducer after configured demo action","JSON type + enum/conditional constraints; no empty strings for unknown","Increment material revision; retain prior assessment/decision/event; new snapshots immutable","See source-scoped dependency records","ClearanceCondition.next_action; exposed where relevant in Scenario/Product/Assurance","synthetic-restricted","DESIGN-HYPOTHESIS","""Review available evidence and residual response"""
"ReadinessSnapshot","id","稳定编号","id","id","string","Always present on each object record","false","","Stable synthetic local identifier.","IA §7.2/7.3/7.4 and D2 §8 seeds; field-level implementation is proposed","SRC-009:7|SRC-010:8","ROLE-RULE","State reducer after configured demo action","JSON type + enum/conditional constraints; no empty strings for unknown","Increment material revision; retain prior assessment/decision/event; new snapshots immutable","SRC-010:DEP-12","ReadinessSnapshot.id; exposed where relevant in Scenario/Product/Assurance","synthetic-restricted","DESIGN-HYPOTHESIS","""DEMO-CTT-001/snapshot/initial"""
"ReadinessSnapshot","case_id","案件","case id","case id","string","Always present on each object record","false","ref:Case","Reference to Case.","IA §7.2/7.3/7.4 and D2 §8 seeds; field-level implementation is proposed","SRC-009:7|SRC-010:8","ROLE-RULE","State reducer after configured demo action","Must resolve Case and same case/scope; explicit revision where used","Increment material revision; retain prior assessment/decision/event; new snapshots immutable","SRC-010:DEP-12","ReadinessSnapshot.case_id; exposed where relevant in Scenario/Product/Assurance","synthetic-restricted","DESIGN-HYPOTHESIS","""DEMO-CTT-001"""
"ReadinessSnapshot","case_scope_id","案件范围","case scope id","case scope id","string","Always present on each object record","false","ref:Scope","Reference to Scope.","IA §7.2/7.3/7.4 and D2 §8 seeds; field-level implementation is proposed","SRC-009:7|SRC-010:8","ROLE-RULE","State reducer after configured demo action","Must resolve Scope and same case/scope; explicit revision where used","Increment material revision; retain prior assessment/decision/event; new snapshots immutable","SRC-010:DEP-12","ReadinessSnapshot.case_scope_id; exposed where relevant in Scenario/Product/Assurance","synthetic-restricted","DESIGN-HYPOTHESIS","""DEMO-CTT-001/scope/institutional"""
"ReadinessSnapshot","revision","版本","revision","revision","integer","Always present on each object record","false","","版本; increment for material revisions.","IA §7.2/7.3/7.4 and D2 §8 seeds; field-level implementation is proposed","SRC-009:7|SRC-010:8","ROLE-RULE","State reducer after configured demo action","JSON type + enum/conditional constraints; no empty strings for unknown","Increment material revision; retain prior assessment/decision/event; new snapshots immutable","SRC-010:DEP-12","ReadinessSnapshot.revision; exposed where relevant in Scenario/Product/Assurance","synthetic-restricted","DESIGN-HYPOTHESIS","1"
"ReadinessSnapshot","supersedes_ref","前版本","supersedes ref","supersedes ref","string|null","Always present on each object record","true","ref:Any","Previous immutable record reference, null for first revision.","IA §7.2/7.3/7.4 and D2 §8 seeds; field-level implementation is proposed","SRC-009:7|SRC-010:8","ROLE-RULE","State reducer after configured demo action","Must resolve Any and same case/scope; explicit revision where used","Increment material revision; retain prior assessment/decision/event; new snapshots immutable","SRC-010:DEP-12","ReadinessSnapshot.supersedes_ref; exposed where relevant in Scenario/Product/Assurance","synthetic-restricted","DESIGN-HYPOTHESIS","null"
"ReadinessSnapshot","source_refs","设计依据","source refs","source refs","array","Always present on each object record","false","","Registered design sources; distinct from synthetic evidence provenance.","IA §7.2/7.3/7.4 and D2 §8 seeds; field-level implementation is proposed","SRC-009:7|SRC-010:8","ROLE-RULE","State reducer after configured demo action","JSON type + enum/conditional constraints; no empty strings for unknown","Increment material revision; retain prior assessment/decision/event; new snapshots immutable","SRC-010:DEP-12","ReadinessSnapshot.source_refs; exposed where relevant in Scenario/Product/Assurance","synthetic-restricted","DESIGN-HYPOTHESIS","[""SRC-009"",""SRC-010""]"
"ReadinessSnapshot","source_status","来源状态","source status","source status","string","Always present on each object record","false","USER-CONFIRMED|SOURCE-SUPPORTED|INDUSTRY-REFERENCE|DESIGN-HYPOTHESIS|SYNTHETIC|OPEN|SUPERSEDED","Explicit 来源状态 independent of other object states.","IA §7.2/7.3/7.4 and D2 §8 seeds; field-level implementation is proposed","SRC-009:7|SRC-010:8","ROLE-RULE","State reducer after configured demo action","JSON type + enum/conditional constraints; no empty strings for unknown","Increment material revision; retain prior assessment/decision/event; new snapshots immutable","SRC-010:DEP-12","ReadinessSnapshot.source_status; exposed where relevant in Scenario/Product/Assurance","synthetic-restricted","DESIGN-HYPOTHESIS","""SYNTHETIC"""
"ReadinessSnapshot","simulation_flag","合成标记","simulation flag","simulation flag","boolean","Always present on each object record","false","","Always true for Round A business records.","IA §7.2/7.3/7.4 and D2 §8 seeds; field-level implementation is proposed","SRC-009:7|SRC-010:8","ROLE-RULE","State reducer after configured demo action","JSON type + enum/conditional constraints; no empty strings for unknown","Increment material revision; retain prior assessment/decision/event; new snapshots immutable","SRC-010:DEP-12","ReadinessSnapshot.simulation_flag; exposed where relevant in Scenario/Product/Assurance","synthetic-restricted","DESIGN-HYPOTHESIS","true"
"ReadinessSnapshot","owner_role","责任角色","owner role","owner role","string","Always present on each object record","false","","Synthetic role assignment, not bank delegation.","IA §7.2/7.3/7.4 and D2 §8 seeds; field-level implementation is proposed","SRC-009:7|SRC-010:8","ROLE-RULE","State reducer after configured demo action","JSON type + enum/conditional constraints; no empty strings for unknown","Increment material revision; retain prior assessment/decision/event; new snapshots immutable","SRC-010:DEP-12","ReadinessSnapshot.owner_role; exposed where relevant in Scenario/Product/Assurance","synthetic-restricted","DESIGN-HYPOTHESIS","""ROLE-RULE"""
"ReadinessSnapshot","validation_owner","验证负责人","validation owner","validation owner","string","Always present on each object record","false","","Working review owner.","IA §7.2/7.3/7.4 and D2 §8 seeds; field-level implementation is proposed","SRC-009:7|SRC-010:8","ROLE-RULE","State reducer after configured demo action","JSON type + enum/conditional constraints; no empty strings for unknown","Increment material revision; retain prior assessment/decision/event; new snapshots immutable","SRC-010:DEP-12","ReadinessSnapshot.validation_owner; exposed where relevant in Scenario/Product/Assurance","synthetic-restricted","DESIGN-HYPOTHESIS","""Christina"""
"ReadinessSnapshot","authority_status","权限状态","authority status","authority status","string","Always present on each object record","false","demo_configured|unknown|not_applicable","Explicit 权限状态 independent of other object states.","IA §7.2/7.3/7.4 and D2 §8 seeds; field-level implementation is proposed","SRC-009:7|SRC-010:8","ROLE-RULE","State reducer after configured demo action","JSON type + enum/conditional constraints; no empty strings for unknown","Increment material revision; retain prior assessment/decision/event; new snapshots immutable","SRC-010:DEP-12","ReadinessSnapshot.authority_status; exposed where relevant in Scenario/Product/Assurance","synthetic-restricted","DESIGN-HYPOTHESIS","""not_applicable"""
"ReadinessSnapshot","sensitivity","敏感等级","sensitivity","sensitivity","string","Always present on each object record","false","synthetic-restricted","Explicit 敏感等级 independent of other object states.","IA §7.2/7.3/7.4 and D2 §8 seeds; field-level implementation is proposed","SRC-009:7|SRC-010:8","ROLE-RULE","State reducer after configured demo action","JSON type + enum/conditional constraints; no empty strings for unknown","Increment material revision; retain prior assessment/decision/event; new snapshots immutable","SRC-010:DEP-12","ReadinessSnapshot.sensitivity; exposed where relevant in Scenario/Product/Assurance","synthetic-restricted","DESIGN-HYPOTHESIS","""synthetic-restricted"""
"ReadinessSnapshot","created_at","创建时间","created at","created at","string","Always present on each object record","false","date-time","UTC timestamp for authored synthetic data.","IA §7.2/7.3/7.4 and D2 §8 seeds; field-level implementation is proposed","SRC-009:7|SRC-010:8","ROLE-RULE","State reducer after configured demo action","JSON type + enum/conditional constraints; no empty strings for unknown","Increment material revision; retain prior assessment/decision/event; new snapshots immutable","SRC-010:DEP-12","ReadinessSnapshot.created_at; exposed where relevant in Scenario/Product/Assurance","synthetic-restricted","DESIGN-HYPOTHESIS","""2026-09-07T00:00:00Z"""
"ReadinessSnapshot","updated_at","更新时间","updated at","updated at","string","Always present on each object record","false","date-time","UTC timestamp; display locale never changes the value.","IA §7.2/7.3/7.4 and D2 §8 seeds; field-level implementation is proposed","SRC-009:7|SRC-010:8","ROLE-RULE","State reducer after configured demo action","JSON type + enum/conditional constraints; no empty strings for unknown","Increment material revision; retain prior assessment/decision/event; new snapshots immutable","SRC-010:DEP-12","ReadinessSnapshot.updated_at; exposed where relevant in Scenario/Product/Assurance","synthetic-restricted","DESIGN-HYPOTHESIS","""2026-09-07T00:00:00Z"""
"ReadinessSnapshot","as_of","资料时点","as of","as of","string","Always present on each object record","false","date-time","UTC currency of this authored record.","IA §7.2/7.3/7.4 and D2 §8 seeds; field-level implementation is proposed","SRC-009:7|SRC-010:8","ROLE-RULE","State reducer after configured demo action","JSON type + enum/conditional constraints; no empty strings for unknown","Increment material revision; retain prior assessment/decision/event; new snapshots immutable","SRC-010:DEP-12","ReadinessSnapshot.as_of; exposed where relevant in Scenario/Product/Assurance","synthetic-restricted","DESIGN-HYPOTHESIS","""2026-09-07T00:00:00Z"""
"ReadinessSnapshot","question_ref","待确认问题","question ref","question ref","string|null","Non-null when policy/applicability/authority unknown; all keys present","true","","Required when bank authority or policy is unknown.","IA §7.2/7.3/7.4 and D2 §8 seeds; field-level implementation is proposed","SRC-009:7|SRC-010:8","ROLE-RULE","State reducer after configured demo action","JSON type + enum/conditional constraints; no empty strings for unknown","Increment material revision; retain prior assessment/decision/event; new snapshots immutable","SRC-010:DEP-12","ReadinessSnapshot.question_ref; exposed where relevant in Scenario/Product/Assurance","synthetic-restricted","DESIGN-HYPOTHESIS","""ROUND-A-Q-AUTHORITY"""
"ReadinessSnapshot","audit_event_refs","审计事件","audit event refs","audit event refs","array","Always present on each object record","false","ref:AuditEvent","References to AuditEvent.","IA §7.2/7.3/7.4 and D2 §8 seeds; field-level implementation is proposed","SRC-009:7|SRC-010:8","ROLE-RULE","State reducer after configured demo action","Must resolve AuditEvent and same case/scope; explicit revision where used","Increment material revision; retain prior assessment/decision/event; new snapshots immutable","SRC-010:DEP-12","ReadinessSnapshot.audit_event_refs; exposed where relevant in Scenario/Product/Assurance","synthetic-restricted","DESIGN-HYPOTHESIS","[]"
"ReadinessSnapshot","scope_revision","范围版本","scope revision","scope revision","integer","Always present on each object record","false","","范围版本; increment for material revisions.","IA §7.2/7.3/7.4 and D2 §8 seeds; field-level implementation is proposed","SRC-009:7|SRC-010:8","ROLE-RULE","State reducer after configured demo action","JSON type + enum/conditional constraints; no empty strings for unknown","Increment material revision; retain prior assessment/decision/event; new snapshots immutable","SRC-010:DEP-12","ReadinessSnapshot.scope_revision; exposed where relevant in Scenario/Product/Assurance","synthetic-restricted","DESIGN-HYPOTHESIS","1"
"ReadinessSnapshot","condition_revisions","条件版本","condition revisions","condition revisions","object","Always present on each object record","false","","Version map; immutable snapshot basis.","IA §7.2/7.3/7.4 and D2 §8 seeds; field-level implementation is proposed","SRC-009:7|SRC-010:8","ROLE-RULE","State reducer after configured demo action","JSON type + enum/conditional constraints; no empty strings for unknown","Increment material revision; retain prior assessment/decision/event; new snapshots immutable","SRC-010:DEP-12","ReadinessSnapshot.condition_revisions; exposed where relevant in Scenario/Product/Assurance","synthetic-restricted","DESIGN-HYPOTHESIS","{""DEMO-CTT-001/condition/evidence"":1,""DEMO-CTT-001/condition/screening"":1,""DEMO-CTT-001/condition/legal"":1,""DEMO-CTT-001/condition/credit"":1,""DEMO-CTT-001/condition/qa"":1,""DEMO-CTT-001/condition/conflicts"":1,""DEMO-CTT-001/condition/edd"":1}"
"ReadinessSnapshot","result","就绪结果","result","result","string","Always present on each object record","false","not_ready|candidate_ready","Explicit 就绪结果 independent of other object states.","IA §7.2/7.3/7.4 and D2 §8 seeds; field-level implementation is proposed","SRC-009:7|SRC-010:8","ROLE-RULE","State reducer after configured demo action","JSON type + enum/conditional constraints; no empty strings for unknown","Increment material revision; retain prior assessment/decision/event; new snapshots immutable","SRC-010:DEP-12","ReadinessSnapshot.result; exposed where relevant in Scenario/Product/Assurance","synthetic-restricted","DESIGN-HYPOTHESIS","""not_ready"""
"ReadinessSnapshot","blocking_condition_ids","阻塞条件","blocking condition ids","blocking condition ids","array","Always present on each object record","false","ref:ClearanceCondition","References to ClearanceCondition.","IA §7.2/7.3/7.4 and D2 §8 seeds; field-level implementation is proposed","SRC-009:7|SRC-010:8","ROLE-RULE","State reducer after configured demo action","Must resolve ClearanceCondition and same case/scope; explicit revision where used","Increment material revision; retain prior assessment/decision/event; new snapshots immutable","SRC-010:DEP-12","ReadinessSnapshot.blocking_condition_ids; exposed where relevant in Scenario/Product/Assurance","synthetic-restricted","DESIGN-HYPOTHESIS","[""DEMO-CTT-001/condition/evidence"",""DEMO-CTT-001/condition/screening"",""DEMO-CTT-001/condition/legal"",""DEMO-CTT-001/condition/credit"",""DEMO-CTT-001/condition/qa""]"
"ReadinessSnapshot","unknown_condition_ids","未知条件","unknown condition ids","unknown condition ids","array","Always present on each object record","false","ref:ClearanceCondition","References to ClearanceCondition.","IA §7.2/7.3/7.4 and D2 §8 seeds; field-level implementation is proposed","SRC-009:7|SRC-010:8","ROLE-RULE","State reducer after configured demo action","Must resolve ClearanceCondition and same case/scope; explicit revision where used","Increment material revision; retain prior assessment/decision/event; new snapshots immutable","SRC-010:DEP-12","ReadinessSnapshot.unknown_condition_ids; exposed where relevant in Scenario/Product/Assurance","synthetic-restricted","DESIGN-HYPOTHESIS","[""DEMO-CTT-001/condition/edd""]"
"ReadinessSnapshot","evaluated_at","计算时间","evaluated at","evaluated at","string","Always present on each object record","false","date-time","UTC snapshot timestamp.","IA §7.2/7.3/7.4 and D2 §8 seeds; field-level implementation is proposed","SRC-009:7|SRC-010:8","ROLE-RULE","State reducer after configured demo action","JSON type + enum/conditional constraints; no empty strings for unknown","Increment material revision; retain prior assessment/decision/event; new snapshots immutable","SRC-010:DEP-12","ReadinessSnapshot.evaluated_at; exposed where relevant in Scenario/Product/Assurance","synthetic-restricted","DESIGN-HYPOTHESIS","""2026-09-07T00:00:00Z"""
"ReadinessSnapshot","basis_event_refs","计算事件","basis event refs","basis event refs","array","Always present on each object record","false","ref:AuditEvent","References to AuditEvent.","IA §7.2/7.3/7.4 and D2 §8 seeds; field-level implementation is proposed","SRC-009:7|SRC-010:8","ROLE-RULE","State reducer after configured demo action","Must resolve AuditEvent and same case/scope; explicit revision where used","Increment material revision; retain prior assessment/decision/event; new snapshots immutable","SRC-010:DEP-12","ReadinessSnapshot.basis_event_refs; exposed where relevant in Scenario/Product/Assurance","synthetic-restricted","DESIGN-HYPOTHESIS","[""DEMO-CTT-001/event/seed""]"
"AuditEvent","id","稳定编号","id","id","string","Always present on each object record","false","","Stable synthetic local identifier.","IA §7.2/7.3/7.4 and D2 §8 seeds; field-level implementation is proposed","SRC-009:7|SRC-010:8","ROLE-DEMO-AUTHOR","State reducer after configured demo action","JSON type + enum/conditional constraints; no empty strings for unknown","Increment material revision; retain prior assessment/decision/event; new snapshots immutable","See source-scoped dependency records","AuditEvent.id; exposed where relevant in Scenario/Product/Assurance","synthetic-restricted","DESIGN-HYPOTHESIS","""DEMO-CTT-001/event/seed"""
"AuditEvent","case_id","案件","case id","case id","string","Always present on each object record","false","ref:Case","Reference to Case.","IA §7.2/7.3/7.4 and D2 §8 seeds; field-level implementation is proposed","SRC-009:7|SRC-010:8","ROLE-DEMO-AUTHOR","State reducer after configured demo action","Must resolve Case and same case/scope; explicit revision where used","Increment material revision; retain prior assessment/decision/event; new snapshots immutable","See source-scoped dependency records","AuditEvent.case_id; exposed where relevant in Scenario/Product/Assurance","synthetic-restricted","DESIGN-HYPOTHESIS","""DEMO-CTT-001"""
"AuditEvent","case_scope_id","案件范围","case scope id","case scope id","string","Always present on each object record","false","ref:Scope","Reference to Scope.","IA §7.2/7.3/7.4 and D2 §8 seeds; field-level implementation is proposed","SRC-009:7|SRC-010:8","ROLE-DEMO-AUTHOR","State reducer after configured demo action","Must resolve Scope and same case/scope; explicit revision where used","Increment material revision; retain prior assessment/decision/event; new snapshots immutable","See source-scoped dependency records","AuditEvent.case_scope_id; exposed where relevant in Scenario/Product/Assurance","synthetic-restricted","DESIGN-HYPOTHESIS","""DEMO-CTT-001/scope/institutional"""
"AuditEvent","revision","版本","revision","revision","integer","Always present on each object record","false","","版本; increment for material revisions.","IA §7.2/7.3/7.4 and D2 §8 seeds; field-level implementation is proposed","SRC-009:7|SRC-010:8","ROLE-DEMO-AUTHOR","State reducer after configured demo action","JSON type + enum/conditional constraints; no empty strings for unknown","Increment material revision; retain prior assessment/decision/event; new snapshots immutable","See source-scoped dependency records","AuditEvent.revision; exposed where relevant in Scenario/Product/Assurance","synthetic-restricted","DESIGN-HYPOTHESIS","1"
"AuditEvent","supersedes_ref","前版本","supersedes ref","supersedes ref","string|null","Always present on each object record","true","ref:Any","Previous immutable record reference, null for first revision.","IA §7.2/7.3/7.4 and D2 §8 seeds; field-level implementation is proposed","SRC-009:7|SRC-010:8","ROLE-DEMO-AUTHOR","State reducer after configured demo action","Must resolve Any and same case/scope; explicit revision where used","Increment material revision; retain prior assessment/decision/event; new snapshots immutable","See source-scoped dependency records","AuditEvent.supersedes_ref; exposed where relevant in Scenario/Product/Assurance","synthetic-restricted","DESIGN-HYPOTHESIS","null"
"AuditEvent","source_refs","设计依据","source refs","source refs","array","Always present on each object record","false","","Registered design sources; distinct from synthetic evidence provenance.","IA §7.2/7.3/7.4 and D2 §8 seeds; field-level implementation is proposed","SRC-009:7|SRC-010:8","ROLE-DEMO-AUTHOR","State reducer after configured demo action","JSON type + enum/conditional constraints; no empty strings for unknown","Increment material revision; retain prior assessment/decision/event; new snapshots immutable","See source-scoped dependency records","AuditEvent.source_refs; exposed where relevant in Scenario/Product/Assurance","synthetic-restricted","DESIGN-HYPOTHESIS","[""SRC-009"",""SRC-010""]"
"AuditEvent","source_status","来源状态","source status","source status","string","Always present on each object record","false","USER-CONFIRMED|SOURCE-SUPPORTED|INDUSTRY-REFERENCE|DESIGN-HYPOTHESIS|SYNTHETIC|OPEN|SUPERSEDED","Explicit 来源状态 independent of other object states.","IA §7.2/7.3/7.4 and D2 §8 seeds; field-level implementation is proposed","SRC-009:7|SRC-010:8","ROLE-DEMO-AUTHOR","State reducer after configured demo action","JSON type + enum/conditional constraints; no empty strings for unknown","Increment material revision; retain prior assessment/decision/event; new snapshots immutable","See source-scoped dependency records","AuditEvent.source_status; exposed where relevant in Scenario/Product/Assurance","synthetic-restricted","DESIGN-HYPOTHESIS","""SYNTHETIC"""
"AuditEvent","simulation_flag","合成标记","simulation flag","simulation flag","boolean","Always present on each object record","false","","Always true for Round A business records.","IA §7.2/7.3/7.4 and D2 §8 seeds; field-level implementation is proposed","SRC-009:7|SRC-010:8","ROLE-DEMO-AUTHOR","State reducer after configured demo action","JSON type + enum/conditional constraints; no empty strings for unknown","Increment material revision; retain prior assessment/decision/event; new snapshots immutable","See source-scoped dependency records","AuditEvent.simulation_flag; exposed where relevant in Scenario/Product/Assurance","synthetic-restricted","DESIGN-HYPOTHESIS","true"
"AuditEvent","owner_role","责任角色","owner role","owner role","string","Always present on each object record","false","","Synthetic role assignment, not bank delegation.","IA §7.2/7.3/7.4 and D2 §8 seeds; field-level implementation is proposed","SRC-009:7|SRC-010:8","ROLE-DEMO-AUTHOR","State reducer after configured demo action","JSON type + enum/conditional constraints; no empty strings for unknown","Increment material revision; retain prior assessment/decision/event; new snapshots immutable","See source-scoped dependency records","AuditEvent.owner_role; exposed where relevant in Scenario/Product/Assurance","synthetic-restricted","DESIGN-HYPOTHESIS","""ROLE-DEMO-AUTHOR"""
"AuditEvent","validation_owner","验证负责人","validation owner","validation owner","string","Always present on each object record","false","","Working review owner.","IA §7.2/7.3/7.4 and D2 §8 seeds; field-level implementation is proposed","SRC-009:7|SRC-010:8","ROLE-DEMO-AUTHOR","State reducer after configured demo action","JSON type + enum/conditional constraints; no empty strings for unknown","Increment material revision; retain prior assessment/decision/event; new snapshots immutable","See source-scoped dependency records","AuditEvent.validation_owner; exposed where relevant in Scenario/Product/Assurance","synthetic-restricted","DESIGN-HYPOTHESIS","""Christina"""
"AuditEvent","authority_status","权限状态","authority status","authority status","string","Always present on each object record","false","demo_configured|unknown|not_applicable","Explicit 权限状态 independent of other object states.","IA §7.2/7.3/7.4 and D2 §8 seeds; field-level implementation is proposed","SRC-009:7|SRC-010:8","ROLE-DEMO-AUTHOR","State reducer after configured demo action","JSON type + enum/conditional constraints; no empty strings for unknown","Increment material revision; retain prior assessment/decision/event; new snapshots immutable","See source-scoped dependency records","AuditEvent.authority_status; exposed where relevant in Scenario/Product/Assurance","synthetic-restricted","DESIGN-HYPOTHESIS","""not_applicable"""
"AuditEvent","sensitivity","敏感等级","sensitivity","sensitivity","string","Always present on each object record","false","synthetic-restricted","Explicit 敏感等级 independent of other object states.","IA §7.2/7.3/7.4 and D2 §8 seeds; field-level implementation is proposed","SRC-009:7|SRC-010:8","ROLE-DEMO-AUTHOR","State reducer after configured demo action","JSON type + enum/conditional constraints; no empty strings for unknown","Increment material revision; retain prior assessment/decision/event; new snapshots immutable","See source-scoped dependency records","AuditEvent.sensitivity; exposed where relevant in Scenario/Product/Assurance","synthetic-restricted","DESIGN-HYPOTHESIS","""synthetic-restricted"""
"AuditEvent","created_at","创建时间","created at","created at","string","Always present on each object record","false","date-time","UTC timestamp for authored synthetic data.","IA §7.2/7.3/7.4 and D2 §8 seeds; field-level implementation is proposed","SRC-009:7|SRC-010:8","ROLE-DEMO-AUTHOR","State reducer after configured demo action","JSON type + enum/conditional constraints; no empty strings for unknown","Increment material revision; retain prior assessment/decision/event; new snapshots immutable","See source-scoped dependency records","AuditEvent.created_at; exposed where relevant in Scenario/Product/Assurance","synthetic-restricted","DESIGN-HYPOTHESIS","""2026-09-07T00:00:00Z"""
"AuditEvent","updated_at","更新时间","updated at","updated at","string","Always present on each object record","false","date-time","UTC timestamp; display locale never changes the value.","IA §7.2/7.3/7.4 and D2 §8 seeds; field-level implementation is proposed","SRC-009:7|SRC-010:8","ROLE-DEMO-AUTHOR","State reducer after configured demo action","JSON type + enum/conditional constraints; no empty strings for unknown","Increment material revision; retain prior assessment/decision/event; new snapshots immutable","See source-scoped dependency records","AuditEvent.updated_at; exposed where relevant in Scenario/Product/Assurance","synthetic-restricted","DESIGN-HYPOTHESIS","""2026-09-07T00:00:00Z"""
"AuditEvent","as_of","资料时点","as of","as of","string","Always present on each object record","false","date-time","UTC currency of this authored record.","IA §7.2/7.3/7.4 and D2 §8 seeds; field-level implementation is proposed","SRC-009:7|SRC-010:8","ROLE-DEMO-AUTHOR","State reducer after configured demo action","JSON type + enum/conditional constraints; no empty strings for unknown","Increment material revision; retain prior assessment/decision/event; new snapshots immutable","See source-scoped dependency records","AuditEvent.as_of; exposed where relevant in Scenario/Product/Assurance","synthetic-restricted","DESIGN-HYPOTHESIS","""2026-09-07T00:00:00Z"""
"AuditEvent","question_ref","待确认问题","question ref","question ref","string|null","Non-null when policy/applicability/authority unknown; all keys present","true","","Required when bank authority or policy is unknown.","IA §7.2/7.3/7.4 and D2 §8 seeds; field-level implementation is proposed","SRC-009:7|SRC-010:8","ROLE-DEMO-AUTHOR","State reducer after configured demo action","JSON type + enum/conditional constraints; no empty strings for unknown","Increment material revision; retain prior assessment/decision/event; new snapshots immutable","See source-scoped dependency records","AuditEvent.question_ref; exposed where relevant in Scenario/Product/Assurance","synthetic-restricted","DESIGN-HYPOTHESIS","""ROUND-A-Q-AUTHORITY"""
"AuditEvent","audit_event_refs","审计事件","audit event refs","audit event refs","array","Always present on each object record","false","ref:AuditEvent","References to AuditEvent.","IA §7.2/7.3/7.4 and D2 §8 seeds; field-level implementation is proposed","SRC-009:7|SRC-010:8","ROLE-DEMO-AUTHOR","State reducer after configured demo action","Must resolve AuditEvent and same case/scope; explicit revision where used","Increment material revision; retain prior assessment/decision/event; new snapshots immutable","See source-scoped dependency records","AuditEvent.audit_event_refs; exposed where relevant in Scenario/Product/Assurance","synthetic-restricted","DESIGN-HYPOTHESIS","[]"
"AuditEvent","event_type","事件类型","event type","event type","string","Always present on each object record","false","","Authored or simulated action; no production immutability claim.","IA §7.2/7.3/7.4 and D2 §8 seeds; field-level implementation is proposed","SRC-009:7|SRC-010:8","ROLE-DEMO-AUTHOR","State reducer after configured demo action","JSON type + enum/conditional constraints; no empty strings for unknown","Increment material revision; retain prior assessment/decision/event; new snapshots immutable","See source-scoped dependency records","AuditEvent.event_type; exposed where relevant in Scenario/Product/Assurance","synthetic-restricted","DESIGN-HYPOTHESIS","""synthetic_fixture_authored"""
"AuditEvent","actor_ref","执行者","actor ref","actor ref","string","Always present on each object record","false","","Synthetic human/rule/tool identity.","IA §7.2/7.3/7.4 and D2 §8 seeds; field-level implementation is proposed","SRC-009:7|SRC-010:8","ROLE-DEMO-AUTHOR","State reducer after configured demo action","JSON type + enum/conditional constraints; no empty strings for unknown","Increment material revision; retain prior assessment/decision/event; new snapshots immutable","See source-scoped dependency records","AuditEvent.actor_ref; exposed where relevant in Scenario/Product/Assurance","synthetic-restricted","DESIGN-HYPOTHESIS","""ROLE-DEMO-AUTHOR"""
"AuditEvent","object_ref","目标","object ref","object ref","string","Always present on each object record","false","ref:Any","Reference to Any.","IA §7.2/7.3/7.4 and D2 §8 seeds; field-level implementation is proposed","SRC-009:7|SRC-010:8","ROLE-DEMO-AUTHOR","State reducer after configured demo action","Must resolve Any and same case/scope; explicit revision where used","Increment material revision; retain prior assessment/decision/event; new snapshots immutable","See source-scoped dependency records","AuditEvent.object_ref; exposed where relevant in Scenario/Product/Assurance","synthetic-restricted","DESIGN-HYPOTHESIS","""DEMO-CTT-001"""
"AuditEvent","from_revision","前版本","from revision","from revision","integer|null","Always present on each object record","true","","Null for record creation.","IA §7.2/7.3/7.4 and D2 §8 seeds; field-level implementation is proposed","SRC-009:7|SRC-010:8","ROLE-DEMO-AUTHOR","State reducer after configured demo action","JSON type + enum/conditional constraints; no empty strings for unknown","Increment material revision; retain prior assessment/decision/event; new snapshots immutable","See source-scoped dependency records","AuditEvent.from_revision; exposed where relevant in Scenario/Product/Assurance","synthetic-restricted","DESIGN-HYPOTHESIS","null"
"AuditEvent","to_revision","新版本","to revision","to revision","integer","Always present on each object record","false","","新版本; increment for material revisions.","IA §7.2/7.3/7.4 and D2 §8 seeds; field-level implementation is proposed","SRC-009:7|SRC-010:8","ROLE-DEMO-AUTHOR","State reducer after configured demo action","JSON type + enum/conditional constraints; no empty strings for unknown","Increment material revision; retain prior assessment/decision/event; new snapshots immutable","See source-scoped dependency records","AuditEvent.to_revision; exposed where relevant in Scenario/Product/Assurance","synthetic-restricted","DESIGN-HYPOTHESIS","1"
"AuditEvent","correlation_id","关联动作","correlation id","correlation id","string","Always present on each object record","false","","Idempotent local action key.","IA §7.2/7.3/7.4 and D2 §8 seeds; field-level implementation is proposed","SRC-009:7|SRC-010:8","ROLE-DEMO-AUTHOR","State reducer after configured demo action","JSON type + enum/conditional constraints; no empty strings for unknown","Increment material revision; retain prior assessment/decision/event; new snapshots immutable","See source-scoped dependency records","AuditEvent.correlation_id; exposed where relevant in Scenario/Product/Assurance","synthetic-restricted","DESIGN-HYPOTHESIS","""ROUND-A-SEED-001"""
"AuditEvent","occurred_at","发生时间","occurred at","occurred at","string","Always present on each object record","false","date-time","UTC timestamp.","IA §7.2/7.3/7.4 and D2 §8 seeds; field-level implementation is proposed","SRC-009:7|SRC-010:8","ROLE-DEMO-AUTHOR","State reducer after configured demo action","JSON type + enum/conditional constraints; no empty strings for unknown","Increment material revision; retain prior assessment/decision/event; new snapshots immutable","See source-scoped dependency records","AuditEvent.occurred_at; exposed where relevant in Scenario/Product/Assurance","synthetic-restricted","DESIGN-HYPOTHESIS","""2026-09-07T00:00:00Z"""
"AuditEvent","rationale","操作理由","rationale","rationale","string","Optional runtime metadata; when present must satisfy its declared non-null type","false","","Synthetic actor explanation, separate from bank authority.","IA §7.2/7.3/7.4 and D2 §8 seeds; field-level implementation is proposed","SRC-009:7|SRC-010:8","ROLE-DEMO-AUTHOR","State reducer after configured demo action","JSON type + enum/conditional constraints; no empty strings for unknown","Increment material revision; retain prior assessment/decision/event; new snapshots immutable","See source-scoped dependency records","AuditEvent.rationale; exposed where relevant in Scenario/Product/Assurance","synthetic-restricted","DESIGN-HYPOTHESIS","null"
"AuditEvent","input_revisions","输入版本","input revisions","input revisions","object","Optional runtime metadata; when present must satisfy its declared non-null type","false","","Exact input record revision map.","IA §7.2/7.3/7.4 and D2 §8 seeds; field-level implementation is proposed","SRC-009:7|SRC-010:8","ROLE-DEMO-AUTHOR","State reducer after configured demo action","JSON type + enum/conditional constraints; no empty strings for unknown","Increment material revision; retain prior assessment/decision/event; new snapshots immutable","See source-scoped dependency records","AuditEvent.input_revisions; exposed where relevant in Scenario/Product/Assurance","synthetic-restricted","DESIGN-HYPOTHESIS","{""DEMO-CTT-001/assessment/supplement-screening"":2}"
"StoryRoute","id","稳定编号","id","id","string","Always present on each object record","false","","Stable synthetic local identifier.","IA §7.2/7.3/7.4 and D2 §8 seeds; field-level implementation is proposed","SRC-009:7|SRC-010:8","ROLE-DEMO-AUTHOR","State reducer after configured demo action","JSON type + enum/conditional constraints; no empty strings for unknown","Increment material revision; retain prior assessment/decision/event; new snapshots immutable","See source-scoped dependency records","StoryRoute.id; exposed where relevant in Scenario/Product/Assurance","synthetic-restricted","DESIGN-HYPOTHESIS","""ROUTE-NEW-REL-01"""
"StoryRoute","case_id","案件","case id","case id","string","Always present on each object record","false","ref:Case","Reference to Case.","IA §7.2/7.3/7.4 and D2 §8 seeds; field-level implementation is proposed","SRC-009:7|SRC-010:8","ROLE-DEMO-AUTHOR","State reducer after configured demo action","Must resolve Case and same case/scope; explicit revision where used","Increment material revision; retain prior assessment/decision/event; new snapshots immutable","See source-scoped dependency records","StoryRoute.case_id; exposed where relevant in Scenario/Product/Assurance","synthetic-restricted","DESIGN-HYPOTHESIS","""DEMO-CTT-001"""
"StoryRoute","case_scope_id","案件范围","case scope id","case scope id","string","Always present on each object record","false","ref:Scope","Reference to Scope.","IA §7.2/7.3/7.4 and D2 §8 seeds; field-level implementation is proposed","SRC-009:7|SRC-010:8","ROLE-DEMO-AUTHOR","State reducer after configured demo action","Must resolve Scope and same case/scope; explicit revision where used","Increment material revision; retain prior assessment/decision/event; new snapshots immutable","See source-scoped dependency records","StoryRoute.case_scope_id; exposed where relevant in Scenario/Product/Assurance","synthetic-restricted","DESIGN-HYPOTHESIS","""DEMO-CTT-001/scope/institutional"""
"StoryRoute","revision","版本","revision","revision","integer","Always present on each object record","false","","版本; increment for material revisions.","IA §7.2/7.3/7.4 and D2 §8 seeds; field-level implementation is proposed","SRC-009:7|SRC-010:8","ROLE-DEMO-AUTHOR","State reducer after configured demo action","JSON type + enum/conditional constraints; no empty strings for unknown","Increment material revision; retain prior assessment/decision/event; new snapshots immutable","See source-scoped dependency records","StoryRoute.revision; exposed where relevant in Scenario/Product/Assurance","synthetic-restricted","DESIGN-HYPOTHESIS","1"
"StoryRoute","supersedes_ref","前版本","supersedes ref","supersedes ref","string|null","Always present on each object record","true","ref:Any","Previous immutable record reference, null for first revision.","IA §7.2/7.3/7.4 and D2 §8 seeds; field-level implementation is proposed","SRC-009:7|SRC-010:8","ROLE-DEMO-AUTHOR","State reducer after configured demo action","Must resolve Any and same case/scope; explicit revision where used","Increment material revision; retain prior assessment/decision/event; new snapshots immutable","See source-scoped dependency records","StoryRoute.supersedes_ref; exposed where relevant in Scenario/Product/Assurance","synthetic-restricted","DESIGN-HYPOTHESIS","null"
"StoryRoute","source_refs","设计依据","source refs","source refs","array","Always present on each object record","false","","Registered design sources; distinct from synthetic evidence provenance.","IA §7.2/7.3/7.4 and D2 §8 seeds; field-level implementation is proposed","SRC-009:7|SRC-010:8","ROLE-DEMO-AUTHOR","State reducer after configured demo action","JSON type + enum/conditional constraints; no empty strings for unknown","Increment material revision; retain prior assessment/decision/event; new snapshots immutable","See source-scoped dependency records","StoryRoute.source_refs; exposed where relevant in Scenario/Product/Assurance","synthetic-restricted","DESIGN-HYPOTHESIS","[""SRC-009"",""SRC-010""]"
"StoryRoute","source_status","来源状态","source status","source status","string","Always present on each object record","false","USER-CONFIRMED|SOURCE-SUPPORTED|INDUSTRY-REFERENCE|DESIGN-HYPOTHESIS|SYNTHETIC|OPEN|SUPERSEDED","Explicit 来源状态 independent of other object states.","IA §7.2/7.3/7.4 and D2 §8 seeds; field-level implementation is proposed","SRC-009:7|SRC-010:8","ROLE-DEMO-AUTHOR","State reducer after configured demo action","JSON type + enum/conditional constraints; no empty strings for unknown","Increment material revision; retain prior assessment/decision/event; new snapshots immutable","See source-scoped dependency records","StoryRoute.source_status; exposed where relevant in Scenario/Product/Assurance","synthetic-restricted","DESIGN-HYPOTHESIS","""SYNTHETIC"""
"StoryRoute","simulation_flag","合成标记","simulation flag","simulation flag","boolean","Always present on each object record","false","","Always true for Round A business records.","IA §7.2/7.3/7.4 and D2 §8 seeds; field-level implementation is proposed","SRC-009:7|SRC-010:8","ROLE-DEMO-AUTHOR","State reducer after configured demo action","JSON type + enum/conditional constraints; no empty strings for unknown","Increment material revision; retain prior assessment/decision/event; new snapshots immutable","See source-scoped dependency records","StoryRoute.simulation_flag; exposed where relevant in Scenario/Product/Assurance","synthetic-restricted","DESIGN-HYPOTHESIS","true"
"StoryRoute","owner_role","责任角色","owner role","owner role","string","Always present on each object record","false","","Synthetic role assignment, not bank delegation.","IA §7.2/7.3/7.4 and D2 §8 seeds; field-level implementation is proposed","SRC-009:7|SRC-010:8","ROLE-DEMO-AUTHOR","State reducer after configured demo action","JSON type + enum/conditional constraints; no empty strings for unknown","Increment material revision; retain prior assessment/decision/event; new snapshots immutable","See source-scoped dependency records","StoryRoute.owner_role; exposed where relevant in Scenario/Product/Assurance","synthetic-restricted","DESIGN-HYPOTHESIS","""ROLE-DEMO-AUTHOR"""
"StoryRoute","validation_owner","验证负责人","validation owner","validation owner","string","Always present on each object record","false","","Working review owner.","IA §7.2/7.3/7.4 and D2 §8 seeds; field-level implementation is proposed","SRC-009:7|SRC-010:8","ROLE-DEMO-AUTHOR","State reducer after configured demo action","JSON type + enum/conditional constraints; no empty strings for unknown","Increment material revision; retain prior assessment/decision/event; new snapshots immutable","See source-scoped dependency records","StoryRoute.validation_owner; exposed where relevant in Scenario/Product/Assurance","synthetic-restricted","DESIGN-HYPOTHESIS","""Christina"""
"StoryRoute","authority_status","权限状态","authority status","authority status","string","Always present on each object record","false","demo_configured|unknown|not_applicable","Explicit 权限状态 independent of other object states.","IA §7.2/7.3/7.4 and D2 §8 seeds; field-level implementation is proposed","SRC-009:7|SRC-010:8","ROLE-DEMO-AUTHOR","State reducer after configured demo action","JSON type + enum/conditional constraints; no empty strings for unknown","Increment material revision; retain prior assessment/decision/event; new snapshots immutable","See source-scoped dependency records","StoryRoute.authority_status; exposed where relevant in Scenario/Product/Assurance","synthetic-restricted","DESIGN-HYPOTHESIS","""unknown"""
"StoryRoute","sensitivity","敏感等级","sensitivity","sensitivity","string","Always present on each object record","false","synthetic-restricted","Explicit 敏感等级 independent of other object states.","IA §7.2/7.3/7.4 and D2 §8 seeds; field-level implementation is proposed","SRC-009:7|SRC-010:8","ROLE-DEMO-AUTHOR","State reducer after configured demo action","JSON type + enum/conditional constraints; no empty strings for unknown","Increment material revision; retain prior assessment/decision/event; new snapshots immutable","See source-scoped dependency records","StoryRoute.sensitivity; exposed where relevant in Scenario/Product/Assurance","synthetic-restricted","DESIGN-HYPOTHESIS","""synthetic-restricted"""
"StoryRoute","created_at","创建时间","created at","created at","string","Always present on each object record","false","date-time","UTC timestamp for authored synthetic data.","IA §7.2/7.3/7.4 and D2 §8 seeds; field-level implementation is proposed","SRC-009:7|SRC-010:8","ROLE-DEMO-AUTHOR","State reducer after configured demo action","JSON type + enum/conditional constraints; no empty strings for unknown","Increment material revision; retain prior assessment/decision/event; new snapshots immutable","See source-scoped dependency records","StoryRoute.created_at; exposed where relevant in Scenario/Product/Assurance","synthetic-restricted","DESIGN-HYPOTHESIS","""2026-09-07T00:00:00Z"""
"StoryRoute","updated_at","更新时间","updated at","updated at","string","Always present on each object record","false","date-time","UTC timestamp; display locale never changes the value.","IA §7.2/7.3/7.4 and D2 §8 seeds; field-level implementation is proposed","SRC-009:7|SRC-010:8","ROLE-DEMO-AUTHOR","State reducer after configured demo action","JSON type + enum/conditional constraints; no empty strings for unknown","Increment material revision; retain prior assessment/decision/event; new snapshots immutable","See source-scoped dependency records","StoryRoute.updated_at; exposed where relevant in Scenario/Product/Assurance","synthetic-restricted","DESIGN-HYPOTHESIS","""2026-09-07T00:00:00Z"""
"StoryRoute","as_of","资料时点","as of","as of","string","Always present on each object record","false","date-time","UTC currency of this authored record.","IA §7.2/7.3/7.4 and D2 §8 seeds; field-level implementation is proposed","SRC-009:7|SRC-010:8","ROLE-DEMO-AUTHOR","State reducer after configured demo action","JSON type + enum/conditional constraints; no empty strings for unknown","Increment material revision; retain prior assessment/decision/event; new snapshots immutable","See source-scoped dependency records","StoryRoute.as_of; exposed where relevant in Scenario/Product/Assurance","synthetic-restricted","DESIGN-HYPOTHESIS","""2026-09-07T00:00:00Z"""
"StoryRoute","question_ref","待确认问题","question ref","question ref","string|null","Non-null when policy/applicability/authority unknown; all keys present","true","","Required when bank authority or policy is unknown.","IA §7.2/7.3/7.4 and D2 §8 seeds; field-level implementation is proposed","SRC-009:7|SRC-010:8","ROLE-DEMO-AUTHOR","State reducer after configured demo action","JSON type + enum/conditional constraints; no empty strings for unknown","Increment material revision; retain prior assessment/decision/event; new snapshots immutable","See source-scoped dependency records","StoryRoute.question_ref; exposed where relevant in Scenario/Product/Assurance","synthetic-restricted","DESIGN-HYPOTHESIS","""ROUND-A-Q-AUTHORITY"""
"StoryRoute","audit_event_refs","审计事件","audit event refs","audit event refs","array","Always present on each object record","false","ref:AuditEvent","References to AuditEvent.","IA §7.2/7.3/7.4 and D2 §8 seeds; field-level implementation is proposed","SRC-009:7|SRC-010:8","ROLE-DEMO-AUTHOR","State reducer after configured demo action","Must resolve AuditEvent and same case/scope; explicit revision where used","Increment material revision; retain prior assessment/decision/event; new snapshots immutable","See source-scoped dependency records","StoryRoute.audit_event_refs; exposed where relevant in Scenario/Product/Assurance","synthetic-restricted","DESIGN-HYPOTHESIS","[]"
"StoryRoute","case_revision","案件版本","case revision","case revision","integer","Always present on each object record","false","","案件版本; increment for material revisions.","IA §7.2/7.3/7.4 and D2 §8 seeds; field-level implementation is proposed","SRC-009:7|SRC-010:8","ROLE-DEMO-AUTHOR","State reducer after configured demo action","JSON type + enum/conditional constraints; no empty strings for unknown","Increment material revision; retain prior assessment/decision/event; new snapshots immutable","See source-scoped dependency records","StoryRoute.case_revision; exposed where relevant in Scenario/Product/Assurance","synthetic-restricted","DESIGN-HYPOTHESIS","1"
"StoryRoute","trigger_id","路线触发","trigger id","trigger id","string","Always present on each object record","false","","Same authored trigger as case.","IA §7.2/7.3/7.4 and D2 §8 seeds; field-level implementation is proposed","SRC-009:7|SRC-010:8","ROLE-DEMO-AUTHOR","State reducer after configured demo action","JSON type + enum/conditional constraints; no empty strings for unknown","Increment material revision; retain prior assessment/decision/event; new snapshots immutable","See source-scoped dependency records","StoryRoute.trigger_id; exposed where relevant in Scenario/Product/Assurance","synthetic-restricted","DESIGN-HYPOTHESIS","""new_relationship"""
"StoryRoute","scenario_ids","路线场景","scenario ids","scenario ids","array","Always present on each object record","false","","Six authored scenes in Round A; no completion implied.","IA §7.2/7.3/7.4 and D2 §8 seeds; field-level implementation is proposed","SRC-009:7|SRC-010:8","ROLE-DEMO-AUTHOR","State reducer after configured demo action","JSON type + enum/conditional constraints; no empty strings for unknown","Increment material revision; retain prior assessment/decision/event; new snapshots immutable","See source-scoped dependency records","StoryRoute.scenario_ids; exposed where relevant in Scenario/Product/Assurance","synthetic-restricted","DESIGN-HYPOTHESIS","[""SCN-REQUIREMENTS"",""SCN-SOURCE"",""SCN-GAP"",""SCN-VALIDATE"",""SCN-MATCH"",""SCN-READINESS""]"
"StoryRoute","skeleton_scenario_ids","骨架场景","skeleton scenario ids","skeleton scenario ids","array","Always present on each object record","false","","Remaining SCN aliases reserved, not authored product slices.","IA §7.2/7.3/7.4 and D2 §8 seeds; field-level implementation is proposed","SRC-009:7|SRC-010:8","ROLE-DEMO-AUTHOR","State reducer after configured demo action","JSON type + enum/conditional constraints; no empty strings for unknown","Increment material revision; retain prior assessment/decision/event; new snapshots immutable","See source-scoped dependency records","StoryRoute.skeleton_scenario_ids; exposed where relevant in Scenario/Product/Assurance","synthetic-restricted","DESIGN-HYPOTHESIS","[""SCN-SCOPE"",""SCN-ENTITY"",""SCN-POPULATION"",""SCN-EDD"",""SCN-CONFLICTS"",""SCN-LEGAL"",""SCN-CREDIT"",""SCN-QA"",""SCN-PUBLISH""]"
"StoryRoute","entry_scenario_id","入口场景","entry scenario id","entry scenario id","string","Always present on each object record","false","","SCN-REQUIREMENTS for this slice.","IA §7.2/7.3/7.4 and D2 §8 seeds; field-level implementation is proposed","SRC-009:7|SRC-010:8","ROLE-DEMO-AUTHOR","State reducer after configured demo action","JSON type + enum/conditional constraints; no empty strings for unknown","Increment material revision; retain prior assessment/decision/event; new snapshots immutable","See source-scoped dependency records","StoryRoute.entry_scenario_id; exposed where relevant in Scenario/Product/Assurance","synthetic-restricted","DESIGN-HYPOTHESIS","""SCN-REQUIREMENTS"""
"StoryRoute","terminal_scenario_id","结束场景","terminal scenario id","terminal scenario id","string","Always present on each object record","false","","SCN-READINESS for blocked outcome.","IA §7.2/7.3/7.4 and D2 §8 seeds; field-level implementation is proposed","SRC-009:7|SRC-010:8","ROLE-DEMO-AUTHOR","State reducer after configured demo action","JSON type + enum/conditional constraints; no empty strings for unknown","Increment material revision; retain prior assessment/decision/event; new snapshots immutable","See source-scoped dependency records","StoryRoute.terminal_scenario_id; exposed where relevant in Scenario/Product/Assurance","synthetic-restricted","DESIGN-HYPOTHESIS","""SCN-READINESS"""
"StoryRoute","playback_executes_actions","播放不执行","playback executes actions","playback executes actions","boolean","Always present on each object record","false","","Always false; navigation does not mutate business state.","IA §7.2/7.3/7.4 and D2 §8 seeds; field-level implementation is proposed","SRC-009:7|SRC-010:8","ROLE-DEMO-AUTHOR","State reducer after configured demo action","JSON type + enum/conditional constraints; no empty strings for unknown","Increment material revision; retain prior assessment/decision/event; new snapshots immutable","See source-scoped dependency records","StoryRoute.playback_executes_actions; exposed where relevant in Scenario/Product/Assurance","synthetic-restricted","DESIGN-HYPOTHESIS","false"
